"Id","MSSubClass","MSZoning","LotFrontage","LotArea","LotShape","LandContour","LotConfig","LandSlope","Neighborhood","Condition1","BldgType","HouseStyle","OverallQual","OverallCond","YearBuilt","YearRemodAdd","RoofStyle","RoofMatl","Exterior1st","Exterior2nd","MasVnrType","ExterQual","ExterCond","Foundation","BsmtQual","BsmtCond","BsmtExposure","BsmtFinSF1","BsmtFinType2","BsmtFinSF2","BsmtUnfSF","TotalBsmtSF","HeatingQC","CentralAir","Electrical","1stFlrSF","2ndFlrSF","GrLivArea","BsmtFullBath","FullBath","HalfBath","BedroomAbvGr","KitchenQual","TotRmsAbvGrd","Functional","Fireplaces","GarageYrBlt","GarageFinish","GarageCars","GarageArea","PavedDrive","WoodDeckSF","OpenPorchSF","3SsnPorch","MoSold","YrSold","SaleType","SaleCondition","SalePrice"
1422,120,"RL",53,4043,"Reg","Lvl","Inside","Gtl","NPkVill","Norm","TwnhsE","1Story",6,5,1977,1977,"Gable","CompShg","Plywood","Plywood","None","TA","TA","CBlock","Gd","TA","No",360,"Unf",0,709,1069,"TA","Y","SBrkr",1069,0,1069,0,2,0,2,"TA",4,"Typ",1,1977,"RFn",2,440,"Y",0,55,0,7,2010,"WD","Normal",127500
1017,20,"RL",73,11883,"Reg","Lvl","Inside","Gtl","CollgCr","Norm","1Fam","1Story",7,5,1996,1996,"Hip","CompShg","VinylSd","VinylSd","BrkFace","Gd","TA","PConc","Gd","TA","Gd",690,"Unf",0,814,1504,"Ex","Y","SBrkr",1504,0,1504,1,2,0,3,"Gd",6,"Typ",1,1996,"Fin",2,478,"Y",115,66,0,6,2009,"WD","Normal",203000
679,20,"RL",80,11844,"IR1","Lvl","Inside","Gtl","StoneBr","Norm","1Fam","1Story",8,5,2008,2008,"Hip","CompShg","VinylSd","VinylSd","Stone","Gd","TA","PConc","Ex","TA","Mn",0,"Unf",0,2046,2046,"Ex","Y","SBrkr",2046,0,2046,0,2,1,3,"Gd",7,"Typ",1,2008,"Fin",3,834,"Y",322,82,0,7,2009,"New","Partial",372500
2177,60,"RL",41,10905,"IR2","Lvl","CulDSac","Gtl","CollgCr","Norm","1Fam","2Story",7,5,2003,2003,"Gable","CompShg","VinylSd","VinylSd","None","Gd","TA","PConc","Gd","TA","No",0,"Unf",0,1129,1129,"Ex","Y","SBrkr",1129,1198,2327,0,2,1,4,"Gd",9,"Typ",1,2003,"RFn",2,596,"Y",0,57,0,8,2008,"WD","Normal",198422.868144723
930,60,"RL",NA,13006,"IR1","Lvl","Corner","Gtl","Gilbert","Norm","1Fam","2Story",7,5,1997,1997,"Gable","CompShg","HdBoard","HdBoard","BrkFace","TA","TA","PConc","Gd","TA","No",0,"Unf",0,964,964,"Gd","Y","SBrkr",993,1243,2236,0,2,1,4,"Gd",8,"Typ",1,1997,"Fin",2,642,"Y",0,0,0,11,2006,"WD","Normal",222000
1533,20,"RM",69,5805,"Reg","Bnk","Inside","Mod","OldTown","Norm","1Fam","1Story",5,7,1957,1957,"Hip","CompShg","MetalSd","MetalSd","None","TA","TA","CBlock","TA","TA","Mn",274,"Rec",1073,0,1347,"Gd","Y","SBrkr",1347,0,1347,1,1,0,3,"Gd",6,"Typ",0,1957,"Unf",2,551,"Y",0,0,0,6,2010,"WD","Normal",171104.853481351
471,120,"RL",NA,6820,"IR1","Lvl","Corner","Gtl","StoneBr","Norm","TwnhsE","1Story",8,5,1985,1985,"Gable","CompShg","HdBoard","HdBoard","None","Gd","TA","PConc","Gd","TA","Av",368,"BLQ",1120,0,1488,"TA","Y","SBrkr",1502,0,1502,1,1,1,1,"Gd",4,"Typ",0,1985,"RFn",2,528,"Y",0,54,0,6,2010,"WD","Normal",212000
2347,20,"FV",75,9000,"Reg","Lvl","Inside","Gtl","Somerst","Norm","1Fam","1Story",7,5,2006,2007,"Gable","CompShg","VinylSd","VinylSd","None","Gd","TA","PConc","Gd","TA","No",0,"Unf",0,1335,1335,"Ex","Y","SBrkr",1335,0,1335,0,2,0,3,"Gd",6,"Typ",0,2007,"RFn",2,575,"Y",0,210,0,6,2007,"New","Partial",180085.766885029
270,20,"RL",NA,7917,"IR1","Lvl","Corner","Gtl","Edwards","Norm","1Fam","1Story",6,7,1976,1976,"Hip","CompShg","HdBoard","HdBoard","BrkFace","TA","Gd","CBlock","TA","Gd","No",751,"Unf",0,392,1143,"TA","Y","SBrkr",1113,0,1113,1,1,1,3,"TA",6,"Typ",1,1987,"RFn",1,504,"Y",370,30,0,5,2007,"WD","Normal",148000
1211,60,"RL",70,11218,"Reg","Lvl","Inside","Gtl","SawyerW","Norm","1Fam","2Story",6,5,1992,1992,"Gable","CompShg","Wd Sdng","Wd Sdng","None","Gd","TA","PConc","Gd","TA","No",0,"Unf",0,1055,1055,"Ex","Y","SBrkr",1055,790,1845,0,2,1,3,"Gd",8,"Typ",1,1992,"RFn",2,462,"Y",635,104,0,5,2010,"WD","Normal",189000
597,70,"RM",60,3600,"Reg","Lvl","Inside","Gtl","OldTown","Norm","1Fam","2Story",6,7,1910,1993,"Gable","CompShg","VinylSd","VinylSd","None","TA","TA","CBlock","TA","TA","No",0,"Unf",0,684,684,"Ex","N","FuseA",684,684,1368,0,1,0,3,"TA",7,"Typ",0,1930,"Unf",1,216,"N",0,158,0,10,2006,"WD","Normal",114504
1301,60,"RL",NA,10762,"IR1","Lvl","CulDSac","Gtl","Gilbert","Norm","1Fam","2Story",7,5,1999,1999,"Gable","CompShg","VinylSd","VinylSd","None","Gd","TA","PConc","Gd","TA","No",694,"Unf",0,284,978,"Ex","Y","SBrkr",1005,978,1983,0,2,1,3,"Gd",9,"Typ",1,1999,"Fin",2,490,"Y",0,0,0,5,2009,"WD","Normal",225000
1974,60,"RL",85,10574,"IR1","Lvl","Inside","Gtl","NridgHt","Norm","1Fam","2Story",8,5,2004,2004,"Gable","CompShg","VinylSd","VinylSd","Stone","Gd","TA","PConc","Ex","TA","No",856,"Unf",0,292,1148,"Ex","Y","SBrkr",1170,1162,2332,1,2,1,4,"Ex",9,"Typ",1,2004,"Fin",3,756,"Y",224,142,0,7,2008,"WD","Normal",196666.554897677
330,70,"RM",60,6402,"Reg","Lvl","Corner","Gtl","IDOTRR","Norm","1Fam","2Story",5,5,1920,1950,"Gable","CompShg","Wd Sdng","Wd Shng","None","TA","TA","PConc","TA","TA","Mn",0,"Unf",0,596,596,"TA","N","SBrkr",596,596,1192,0,1,0,3,"TA",6,"Typ",0,1920,"Unf",1,189,"N",0,0,0,7,2009,"WD","Normal",78000
1799,20,"RL",60,7200,"Reg","Lvl","Corner","Gtl","NAmes","Norm","1Fam","1Story",5,7,1952,1952,"Gable","CompShg","MetalSd","MetalSd","None","TA","Gd","CBlock","TA","Gd","No",630,"BLQ",102,0,732,"TA","Y","SBrkr",732,0,732,1,1,0,2,"TA",4,"Typ",0,1952,"Unf",1,240,"Y",0,68,0,9,2009,"WD","Normal",164786.741540638
1615,160,"RM",21,1476,"Reg","Lvl","Inside","Gtl","MeadowV","Norm","Twnhs","2Story",4,7,1970,1970,"Gable","CompShg","CemntBd","CmentBd","None","TA","TA","CBlock","TA","TA","No",176,"Unf",0,370,546,"Ex","Y","SBrkr",546,546,1092,0,1,1,3,"TA",5,"Typ",0,NA,NA,0,0,"Y",200,26,0,3,2010,"WD","Normal",159270.537808667
1749,20,"RL",80,9600,"Reg","Lvl","Inside","Gtl","NWAmes","Feedr","1Fam","1Story",5,5,1969,1969,"Gable","CompShg","HdBoard","HdBoard","BrkFace","TA","TA","CBlock","Gd","TA","Mn",553,"Rec",147,588,1288,"TA","Y","SBrkr",1336,0,1336,0,2,0,3,"TA",6,"Typ",1,1969,"RFn",2,502,"Y",312,11,0,8,2009,"WD","Normal",181681.021081956
37,20,"RL",112,10859,"Reg","Lvl","Corner","Gtl","CollgCr","Norm","1Fam","1Story",5,5,1994,1995,"Gable","CompShg","VinylSd","VinylSd","None","TA","TA","PConc","Gd","TA","No",0,"Unf",0,1097,1097,"Ex","Y","SBrkr",1097,0,1097,0,1,1,3,"TA",6,"Typ",0,1995,"Unf",2,672,"Y",392,64,0,6,2009,"WD","Normal",145000
1129,60,"RL",59,11796,"IR1","Lvl","Inside","Gtl","Gilbert","Norm","1Fam","2Story",7,5,2004,2005,"Gable","CompShg","VinylSd","VinylSd","None","Gd","TA","PConc","Gd","TA","Av",0,"Unf",0,847,847,"Ex","Y","SBrkr",847,1112,1959,0,2,1,4,"Gd",8,"Typ",1,2004,"Fin",2,434,"Y",100,48,0,7,2007,"WD","Normal",215000
729,90,"RL",85,11475,"Reg","Lvl","Corner","Gtl","NAmes","Norm","Duplex","1Story",5,5,1958,1958,"Gable","CompShg","VinylSd","VinylSd","BrkFace","TA","TA","CBlock","TA","TA","No",0,"Unf",0,1584,1584,"TA","Y","SBrkr",1776,0,1776,1,2,0,4,"TA",9,"Typ",0,1968,"Unf",3,888,"Y",0,25,0,7,2009,"COD","Abnorml",110000
878,60,"RL",74,8834,"Reg","Lvl","Inside","Gtl","NridgHt","Norm","1Fam","2Story",9,5,2004,2005,"Hip","CompShg","VinylSd","VinylSd","Stone","Gd","TA","PConc","Ex","TA","No",1170,"Unf",0,292,1462,"Ex","Y","SBrkr",1462,762,2224,1,2,1,4,"Ex",10,"Typ",1,2004,"Fin",3,738,"Y",184,0,0,6,2009,"WD","Normal",350000
485,20,"RL",NA,7758,"IR1","Lvl","Corner","Gtl","Sawyer","Norm","1Fam","1Story",5,7,1962,2001,"Gable","CompShg","HdBoard","Plywood","None","TA","Gd","CBlock","TA","TA","No",588,"Unf",0,411,999,"Gd","Y","SBrkr",999,0,999,1,1,0,3,"Gd",6,"Typ",0,1963,"Unf",1,264,"Y",0,132,0,3,2007,"WD","Normal",132500
1826,50,"RM",60,6000,"Reg","Lvl","Corner","Gtl","BrkSide","Norm","1Fam","1.5Fin",5,5,1924,1950,"Gable","CompShg","Stucco","Stucco","BrkFace","TA","TA","BrkTil","TA","TA","No",220,"Unf",0,248,468,"Gd","Y","SBrkr",822,320,1142,0,1,0,3,"TA",6,"Typ",0,1924,"Fin",1,320,"Y",0,0,0,6,2009,"WD","Normal",172386.297919134
2430,20,"RL",66,8300,"IR1","Lvl","Inside","Gtl","NAmes","Norm","1Fam","1Story",6,6,1968,1968,"Gable","CompShg","Wd Sdng","Wd Sdng","BrkFace","TA","TA","CBlock","TA","TA","Mn",952,"Unf",0,0,952,"Gd","Y","SBrkr",952,0,952,1,1,0,3,"TA",5,"Typ",0,1968,"Unf",1,288,"Y",0,0,0,8,2007,"WD","Normal",180917.925148076
975,70,"RL",60,11414,"IR1","Lvl","Corner","Gtl","BrkSide","RRAn","1Fam","2Story",7,8,1910,1993,"Gable","CompShg","HdBoard","HdBoard","None","TA","Gd","BrkTil","Gd","TA","No",0,"Unf",0,728,728,"TA","N","SBrkr",1136,883,2019,0,1,0,3,"Gd",8,"Typ",0,1997,"Unf",2,532,"Y",509,135,0,10,2009,"WD","Normal",167500
2849,60,"RL",70,8726,"Reg","Lvl","Inside","Gtl","CollgCr","Norm","1Fam","2Story",7,5,2002,2002,"Gable","CompShg","VinylSd","VinylSd","None","Gd","TA","PConc","Gd","TA","No",0,"Unf",0,872,872,"Ex","Y","SBrkr",872,1037,1909,0,2,1,4,"Gd",8,"Typ",0,2002,"RFn",2,529,"Y",0,108,0,9,2006,"WD","Normal",197034.759055859
2374,60,"FV",106,8413,"IR1","Lvl","Inside","Gtl","Somerst","Norm","1Fam","2Story",8,5,1998,1998,"Gable","CompShg","VinylSd","VinylSd","None","Gd","Gd","PConc","Ex","TA","Mn",901,"Unf",0,319,1220,"Ex","Y","SBrkr",1220,1142,2362,1,2,1,3,"Gd",8,"Typ",2,1998,"RFn",2,1105,"Y",147,0,0,6,2007,"WD","Normal",178930.528374292
2378,20,"RL",78,11700,"Reg","Lvl","Inside","Gtl","NWAmes","RRAn","1Fam","1Story",6,6,1968,1968,"Gable","CompShg","MetalSd","MetalSd","BrkFace","TA","TA","CBlock","TA","TA","No",0,"Unf",0,912,912,"Ex","Y","SBrkr",1152,0,1152,1,1,1,3,"TA",7,"Typ",0,1968,"RFn",2,412,"Y",0,126,0,9,2007,"CWD","Normal",188714.148087543
554,20,"RL",67,8777,"Reg","Lvl","Inside","Gtl","Edwards","Feedr","1Fam","1Story",4,5,1949,2003,"Gable","CompShg","VinylSd","VinylSd","None","TA","TA","CBlock",NA,NA,NA,0,NA,0,0,0,"Ex","Y","SBrkr",1126,0,1126,0,2,0,2,"Gd",5,"Typ",0,2002,"Fin",2,520,"N",0,96,0,5,2009,"WD","Normal",108000
1446,85,"RL",70,8400,"Reg","Lvl","Inside","Gtl","Sawyer","Norm","1Fam","SFoyer",6,5,1966,1966,"Gable","CompShg","VinylSd","VinylSd","None","TA","TA","CBlock","TA","TA","Gd",187,"Rec",627,0,814,"Gd","Y","SBrkr",913,0,913,1,1,0,3,"TA",6,"Typ",0,1990,"Unf",1,240,"Y",0,0,0,5,2007,"WD","Normal",129000
2159,80,"RL",85,10541,"IR1","Lvl","Corner","Gtl","SawyerW","Norm","1Fam","SLvl",7,5,1996,1996,"Gable","CompShg","VinylSd","VinylSd","None","Gd","TA","PConc","Gd","TA","Av",0,"Unf",0,672,672,"Ex","Y","SBrkr",1302,735,2037,0,2,1,3,"Gd",8,"Typ",1,1996,"Fin",2,472,"Y",100,33,0,2,2008,"WD","Normal",177801.266806344
1948,20,"RL",NA,47280,"IR1","Lvl","Inside","Gtl","Gilbert","Norm","1Fam","1Story",6,5,1950,1950,"Hip","CompShg","AsbShng","AsbShng","BrkFace","TA","TA","CBlock","TA","TA","No",0,"Unf",0,1488,1488,"Gd","Y","SBrkr",1488,0,1488,0,2,1,3,"TA",6,"Typ",1,1950,"RFn",2,738,"Y",0,0,0,7,2008,"WD","Family",255629.49047034
2580,190,"C (all)",75,8250,"Reg","Lvl","Inside","Gtl","IDOTRR","Feedr","2fmCon","2Story",5,6,1895,2006,"Gable","CompShg","VinylSd","VinylSd","None","TA","Gd","CBlock","TA","TA","No",0,"Unf",0,957,957,"Fa","N","SBrkr",1034,957,1991,0,2,0,4,"TA",9,"Typ",0,NA,NA,0,0,"N",0,0,0,6,2007,"WD","Normal",191885.618181273
1530,20,"RL",80,9760,"Reg","Lvl","Inside","Mod","NAmes","Norm","1Fam","1Story",6,7,1963,1984,"Hip","CompShg","Wd Sdng","Wd Sdng","BrkFace","TA","TA","CBlock","TA","TA","Gd",717,"LwQ",263,415,1395,"TA","Y","SBrkr",1395,0,1395,1,1,0,2,"TA",7,"Min1",1,1963,"RFn",2,440,"Y",657,0,0,5,2010,"WD","Normal",164507.672539365
2604,160,"RM",21,1495,"Reg","Lvl","Inside","Gtl","MeadowV","Norm","TwnhsE","2Story",4,6,1970,1970,"Gable","CompShg","CemntBd","CmentBd","BrkFace","TA","TA","CBlock","TA","TA","No",384,"Unf",0,162,546,"Ex","Y","SBrkr",546,546,1092,0,1,1,3,"TA",5,"Typ",0,NA,NA,0,0,"Y",0,64,0,5,2007,"WD","Normal",164210.746523801
343,90,"RL",NA,8544,"Reg","Lvl","Inside","Gtl","NAmes","Norm","Duplex","1Story",3,4,1949,1950,"Gable","CompShg","Stucco","Stucco","BrkFace","TA","TA","Slab",NA,NA,NA,0,NA,0,0,0,"Fa","N","FuseA",1040,0,1040,0,2,0,2,"TA",6,"Typ",0,1949,"Unf",2,400,"Y",0,0,0,5,2006,"WD","Normal",87500
2630,60,"RL",63,12292,"IR1","HLS","CulDSac","Gtl","StoneBr","Norm","1Fam","2Story",9,5,2006,2006,"Hip","CompShg","VinylSd","VinylSd","BrkFace","Gd","TA","PConc","Ex","Gd","Gd",205,"Unf",0,889,1094,"Ex","Y","SBrkr",1102,1371,2473,0,2,1,4,"Gd",11,"Typ",1,2006,"Fin",3,675,"Y",246,39,0,7,2006,"New","Partial",201842.998700429
40,90,"RL",65,6040,"Reg","Lvl","Inside","Gtl","Edwards","Norm","Duplex","1Story",4,5,1955,1955,"Gable","CompShg","AsbShng","Plywood","None","TA","TA","PConc",NA,NA,NA,0,NA,0,0,0,"TA","N","FuseP",1152,0,1152,0,2,0,2,"Fa",6,"Typ",0,NA,NA,0,0,"N",0,0,0,6,2008,"WD","AdjLand",82000
537,60,"RL",57,8924,"IR1","Lvl","CulDSac","Gtl","CollgCr","Norm","1Fam","2Story",7,5,1998,1999,"Gable","CompShg","VinylSd","VinylSd","None","TA","TA","PConc","Gd","TA","Av",0,"Unf",0,880,880,"Ex","Y","SBrkr",880,844,1724,0,2,1,3,"Gd",8,"Typ",0,1998,"Fin",2,527,"Y",120,155,0,7,2008,"WD","Normal",188000
2423,50,"RL",60,14190,"Reg","Lvl","Inside","Gtl","OldTown","Artery","1Fam","1.5Fin",4,7,1890,2006,"Gable","CompShg","VinylSd","VinylSd","None","Gd","Gd","CBlock","Fa","TA","No",0,"Unf",0,925,925,"Gd","Y","SBrkr",1000,544,1544,0,2,0,3,"TA",7,"Typ",0,NA,NA,0,0,"N",231,0,0,4,2007,"WD","Normal",188090.100808026
248,20,"RL",75,11310,"Reg","Lvl","Inside","Gtl","NAmes","Norm","1Fam","1Story",6,5,1954,1954,"Hip","CompShg","Wd Sdng","BrkFace","None","TA","TA","CBlock","TA","TA","No",0,"Unf",0,1367,1367,"Ex","Y","SBrkr",1375,0,1375,0,1,0,2,"TA",5,"Typ",1,1954,"Unf",2,451,"Y",0,30,0,6,2006,"WD","Normal",140000
1222,20,"RL",55,8250,"Reg","Lvl","Inside","Gtl","Sawyer","Feedr","1Fam","1Story",5,5,1968,1968,"Hip","CompShg","HdBoard","HdBoard","None","TA","TA","CBlock","TA","TA","No",250,"LwQ",492,210,952,"Ex","Y","SBrkr",1211,0,1211,0,1,0,3,"TA",5,"Typ",1,1968,"Unf",1,322,"Y",0,63,0,8,2008,"WD","Normal",134000
2426,50,"RL",60,10284,"Reg","Lvl","Corner","Gtl","OldTown","Norm","1Fam","1.5Fin",4,7,1925,1993,"Gable","CompShg","MetalSd","MetalSd","None","TA","TA","CBlock","TA","TA","Mn",1030,"LwQ",66,55,1151,"Ex","Y","SBrkr",845,436,1281,1,2,0,1,"TA",6,"Mod",0,1978,"Unf",2,580,"Y",0,0,0,8,2007,"WD","Abnorml",158270.753116401
2087,50,"RM",57,9184,"Reg","Lvl","Inside","Gtl","OldTown","Artery","1Fam","1.5Fin",5,7,1948,2005,"Gable","CompShg","WdShing","Wd Shng","None","TA","TA","BrkTil","TA","TA","No",0,"Unf",0,780,780,"Ex","Y","SBrkr",948,375,1323,0,1,0,3,"TA",6,"Typ",0,1948,"Unf",2,400,"Y",0,0,0,7,2008,"WD","Normal",180655.101535034
2483,20,"RL",86,8665,"IR1","Lvl","Inside","Gtl","Sawyer","Norm","1Fam","1Story",5,5,1968,1968,"Gable","CompShg","HdBoard","HdBoard","BrkFace","TA","TA","CBlock","TA","TA","Mn",168,"BLQ",288,420,876,"TA","Y","SBrkr",897,0,897,0,1,0,3,"TA",5,"Typ",0,1968,"RFn",1,264,"Y",0,0,0,1,2007,"WD","Normal",173902.011270196
2858,20,"RL",65,8772,"Reg","Lvl","FR2","Gtl","CollgCr","Norm","1Fam","1Story",7,5,2005,2006,"Gable","CompShg","VinylSd","VinylSd","None","Gd","TA","PConc","Gd","TA","Mn",996,"Unf",0,340,1336,"Ex","Y","SBrkr",1336,0,1336,1,2,0,3,"Gd",6,"Typ",0,2005,"Unf",2,502,"Y",136,43,0,9,2006,"New","Partial",183849.408762071
1414,20,"RL",88,10994,"IR1","Lvl","Corner","Gtl","SawyerW","Norm","1Fam","1Story",8,5,2005,2006,"Gable","CompShg","VinylSd","VinylSd","Stone","Gd","TA","PConc","Gd","Gd","No",976,"Unf",0,868,1844,"Ex","Y","SBrkr",1844,0,1844,1,2,0,2,"Gd",7,"Typ",1,2005,"Fin",2,620,"Y",165,44,0,9,2009,"COD","Abnorml",257000
1304,20,"RL",73,8688,"Reg","Lvl","Inside","Gtl","Somerst","Norm","1Fam","1Story",7,5,2005,2005,"Gable","CompShg","VinylSd","VinylSd","BrkFace","Gd","TA","PConc","Gd","TA","Av",0,"Unf",0,1616,1616,"Ex","Y","SBrkr",1616,0,1616,0,2,0,3,"Gd",7,"Typ",0,2005,"RFn",3,834,"Y",208,59,0,4,2006,"WD","Normal",232000
1696,60,"RL",NA,15896,"IR2","Lvl","CulDSac","Gtl","Gilbert","RRNn","1Fam","2Story",7,5,1999,1999,"Gable","CompShg","VinylSd","VinylSd","BrkFace","Gd","TA","PConc","Gd","TA","No",913,"Unf",0,264,1177,"Ex","Y","SBrkr",1223,1089,2312,1,2,1,4,"Gd",8,"Typ",1,1999,"Fin",3,658,"Y",298,0,0,5,2009,"WD","Normal",204032.992922943
526,20,"FV",62,7500,"Reg","Lvl","Inside","Gtl","Somerst","Norm","1Fam","1Story",7,5,2005,2005,"Gable","CompShg","VinylSd","VinylSd","None","Gd","TA","PConc","Gd","TA","No",0,"Unf",0,1257,1257,"Ex","Y","SBrkr",1266,0,1266,0,2,0,3,"Gd",6,"Typ",1,2005,"Unf",2,453,"Y",38,144,0,4,2006,"WD","Normal",176000
2690,60,"FV",100,13162,"Reg","Lvl","Corner","Gtl","Somerst","Feedr","1Fam","2Story",9,5,2006,2006,"Gable","CompShg","VinylSd","VinylSd","None","Gd","TA","PConc","Ex","TA","No",1836,"Unf",0,200,2036,"Ex","Y","SBrkr",2036,604,2640,1,3,1,3,"Ex",11,"Typ",1,2006,"RFn",3,792,"Y",0,265,0,11,2006,"New","Partial",194698.882220432
1069,160,"RM",42,3964,"Reg","Lvl","Inside","Gtl","MeadowV","Norm","TwnhsE","2Story",6,4,1973,1973,"Gable","CompShg","CemntBd","CmentBd","None","TA","TA","CBlock","Gd","TA","No",837,"Unf",0,105,942,"Gd","Y","SBrkr",1291,1230,2521,1,2,1,5,"TA",10,"Maj1",1,1973,"Fin",2,576,"Y",728,20,0,6,2006,"WD","Normal",151400
1426,20,"RL",80,10721,"IR1","Lvl","Inside","Gtl","NAmes","Norm","1Fam","1Story",6,6,1959,1959,"Hip","CompShg","HdBoard","HdBoard","Stone","Gd","TA","CBlock","TA","TA","No",0,"Unf",0,1252,1252,"Ex","Y","SBrkr",1252,0,1252,0,1,0,3,"Gd",7,"Typ",0,1960,"Unf",2,528,"Y",0,39,0,10,2008,"WD","Normal",142000
22,45,"RM",57,7449,"Reg","Bnk","Inside","Gtl","IDOTRR","Norm","1Fam","1.5Unf",7,7,1930,1950,"Gable","CompShg","Wd Sdng","Wd Sdng","None","TA","TA","PConc","TA","TA","No",0,"Unf",0,637,637,"Ex","Y","FuseF",1108,0,1108,0,1,0,3,"Gd",6,"Typ",1,1930,"Unf",1,280,"N",0,0,0,6,2007,"WD","Normal",139400
1742,160,"FV",34,2998,"Reg","Lvl","Inside","Gtl","Somerst","Norm","TwnhsE","2Story",6,5,2000,2000,"Gable","CompShg","MetalSd","MetalSd","BrkFace","Gd","TA","PConc","Gd","TA","No",507,"Unf",0,249,756,"Ex","Y","SBrkr",756,756,1512,1,2,1,2,"Gd",4,"Typ",0,2000,"Unf",2,440,"Y",0,32,0,8,2009,"WD","Normal",155412.151845447
1766,20,"RL",92,10573,"IR1","Lvl","Corner","Gtl","NAmes","Norm","1Fam","1Story",6,6,1961,1961,"Hip","CompShg","MetalSd","MetalSd","BrkFace","TA","TA","CBlock","TA","TA","No",1312,"Unf",0,141,1453,"Ex","Y","SBrkr",1453,0,1453,1,2,0,3,"TA",6,"Typ",1,1961,"RFn",2,530,"Y",0,49,0,4,2009,"WD","Normal",179176.352180931
2241,85,"RL",150,14137,"Reg","Lvl","Corner","Gtl","Mitchel","Norm","1Fam","SFoyer",4,5,1964,1964,"Gable","CompShg","HdBoard","HdBoard","BrkFace","TA","TA","CBlock","Gd","TA","Av",865,"LwQ",247,88,1200,"Gd","Y","SBrkr",1200,0,1200,1,1,0,3,"TA",6,"Typ",0,1964,"Fin",3,850,"Y",0,119,0,11,2008,"ConLD","Normal",194822.365690957
1395,120,"RL",53,4045,"Reg","Lvl","Inside","Gtl","Blmngtn","Norm","TwnhsE","1Story",7,5,2006,2006,"Hip","CompShg","VinylSd","VinylSd","BrkFace","Gd","TA","PConc","Gd","TA","Av",1070,"Unf",0,286,1356,"Ex","Y","SBrkr",1500,0,1500,1,2,0,2,"Gd",6,"Typ",1,2006,"Fin",3,648,"Y",161,20,0,10,2006,"New","Partial",246578
2547,80,"RL",65,6285,"Reg","Lvl","Inside","Gtl","Edwards","Norm","1Fam","SLvl",6,6,1976,1976,"Gable","CompShg","HdBoard","Plywood","None","TA","Fa","CBlock","TA","TA","Av",504,"Unf",0,456,960,"TA","Y","SBrkr",1044,0,1044,1,1,0,3,"TA",7,"Typ",1,1976,"Unf",2,528,"Y",228,0,0,4,2007,"WD","Normal",172532.757660882
1128,20,"RL",182,14572,"IR3","Lvl","Corner","Gtl","Gilbert","Norm","1Fam","1Story",7,5,2004,2004,"Hip","CompShg","VinylSd","VinylSd","None","Gd","TA","PConc","Gd","TA","Av",1300,"Unf",0,230,1530,"Ex","Y","SBrkr",1530,0,1530,1,2,0,3,"Gd",7,"Typ",1,2004,"Fin",3,630,"Y",144,36,0,11,2007,"WD","Family",259000
983,20,"RL",43,3182,"Reg","Lvl","Inside","Gtl","Blmngtn","Norm","1Fam","1Story",7,5,2007,2007,"Gable","CompShg","VinylSd","VinylSd","BrkFace","Gd","TA","PConc","Gd","TA","Av",0,"Unf",0,1266,1266,"Ex","Y","SBrkr",1266,0,1266,0,2,0,2,"Gd",6,"Typ",1,2007,"Fin",2,388,"Y",100,16,0,3,2008,"WD","Normal",159895
1791,90,"RL",81,9671,"Reg","Lvl","Corner","Gtl","NAmes","Artery","Duplex","2Story",6,5,1969,1969,"Gable","CompShg","MetalSd","MetalSd","Stone","TA","TA","CBlock","TA","TA","No",0,"Unf",0,1248,1248,"TA","Y","SBrkr",1248,1296,2544,0,2,2,6,"TA",12,"Typ",0,1969,"RFn",3,907,"Y",0,0,0,8,2009,"WD","Normal",221648.391978216
1516,50,"RL",120,17360,"Reg","Lvl","Corner","Gtl","NAmes","Artery","1Fam","1.5Fin",6,6,1949,1950,"Gable","CompShg","MetalSd","MetalSd","Stone","TA","Gd","CBlock","TA","TA","No",300,"Unf",0,482,782,"TA","Y","SBrkr",1019,537,1556,0,2,0,3,"TA",6,"Typ",1,1949,"Unf",2,470,"Y",0,0,0,1,2010,"WD","Normal",188321.073833569
1640,60,"RL",NA,12388,"IR1","Lvl","Inside","Gtl","NWAmes","Norm","1Fam","2Story",7,7,1980,1991,"Gable","CompShg","Plywood","Plywood","BrkFace","TA","TA","CBlock","Gd","TA","No",602,"Unf",0,441,1043,"TA","Y","SBrkr",1539,1134,2673,0,2,1,4,"Gd",9,"Typ",1,1980,"RFn",2,441,"Y",178,84,0,8,2009,"WD","Normal",200443.7920562
1639,20,"RL",80,10928,"Reg","Lvl","Inside","Gtl","NWAmes","Norm","1Fam","1Story",6,6,1978,1986,"Gable","CompShg","VinylSd","VinylSd","BrkFace","TA","TA","PConc","TA","TA","No",363,"Unf",0,1064,1427,"TA","Y","SBrkr",1671,0,1671,0,2,0,3,"TA",7,"Typ",1,1978,"RFn",2,484,"Y",252,55,0,8,2009,"WD","Normal",184294.576009142
843,80,"RL",82,9020,"Reg","Lvl","Inside","Gtl","NAmes","Norm","1Fam","SLvl",6,7,1966,1966,"Gable","CompShg","HdBoard","HdBoard","BrkFace","TA","TA","CBlock","TA","TA","Gd",312,"ALQ",539,276,1127,"TA","Y","SBrkr",1165,0,1165,1,1,1,3,"TA",6,"Typ",0,1966,"RFn",2,490,"Y",0,129,0,5,2008,"WD","Normal",174900
465,20,"RL",60,8430,"Reg","HLS","Inside","Mod","CollgCr","Norm","1Fam","1Story",5,5,1978,1978,"Gable","CompShg","HdBoard","HdBoard","BrkFace","TA","TA","CBlock","Gd","TA","No",616,"Unf",0,424,1040,"TA","Y","SBrkr",1040,0,1040,0,2,0,3,"TA",5,"Typ",0,NA,NA,0,0,"Y",0,0,0,8,2009,"WD","Normal",124000
996,50,"RL",51,4712,"IR1","Lvl","Inside","Mod","BrkSide","Feedr","1Fam","1.5Fin",4,7,1946,1950,"Gable","CompShg","MetalSd","MetalSd","None","TA","TA","CBlock","TA","TA","No",384,"Unf",0,363,747,"TA","Y","SBrkr",774,456,1230,1,1,1,3,"TA",5,"Typ",0,1946,"Unf",1,305,"Y",0,57,0,8,2006,"WD","Abnorml",121600
1549,50,"RM",52,6240,"Reg","Lvl","Inside","Gtl","BrkSide","Norm","1Fam","1.5Fin",5,7,1936,1980,"Gable","CompShg","VinylSd","VinylSd","None","TA","TA","CBlock","TA","Fa","No",276,"Unf",0,252,528,"Gd","Y","SBrkr",548,492,1040,0,1,0,2,"TA",5,"Typ",0,1979,"Fin",2,624,"P",306,0,0,5,2010,"WD","Normal",157580.177551642
1200,20,"RL",75,11235,"Reg","Lvl","Inside","Gtl","Sawyer","Norm","1Fam","1Story",4,5,1963,1979,"Gable","CompShg","HdBoard","HdBoard","BrkFace","TA","TA","CBlock","TA","TA","No",547,"Unf",0,504,1051,"Gd","Y","SBrkr",1382,0,1382,0,1,1,3,"TA",6,"Typ",1,1974,"Unf",2,459,"Y",0,82,0,10,2006,"WD","Normal",148000
1134,60,"RL",80,9828,"IR1","Lvl","Inside","Gtl","SawyerW","Norm","1Fam","2Story",8,5,1995,1995,"Gable","CompShg","VinylSd","VinylSd","None","Gd","TA","PConc","Gd","TA","No",584,"Unf",0,544,1128,"Ex","Y","SBrkr",1142,878,2020,0,2,1,3,"Gd",8,"Typ",1,1995,"RFn",2,466,"Y",0,155,0,6,2009,"WD","Normal",239500
84,20,"RL",80,8892,"IR1","Lvl","Inside","Gtl","NAmes","Norm","1Fam","1Story",5,5,1960,1960,"Gable","CompShg","MetalSd","MetalSd","BrkCmn","TA","TA","CBlock","TA","TA","No",0,"Unf",0,1065,1065,"Gd","Y","SBrkr",1065,0,1065,0,1,1,3,"TA",6,"Typ",0,1974,"Unf",2,461,"Y",74,0,0,7,2007,"COD","Normal",126500
1895,20,"RL",70,11767,"Reg","Lvl","Inside","Gtl","Edwards","Norm","1Fam","1Story",5,5,1956,1956,"Hip","CompShg","HdBoard","HdBoard","BrkFace","TA","TA","CBlock","TA","TA","No",546,"Unf",0,604,1150,"Ex","Y","SBrkr",1560,0,1560,0,1,0,2,"TA",7,"Min1",1,1956,"Unf",1,313,"Y",0,0,0,5,2009,"WD","Normal",169355.202465146
1165,80,"RL",NA,16157,"IR1","Lvl","FR2","Gtl","Veenker","Feedr","1Fam","SLvl",5,7,1978,1978,"Gable","CompShg","Plywood","Plywood","None","TA","TA","PConc","Gd","TA","Gd",680,"Rec",391,289,1360,"Ex","Y","SBrkr",1432,0,1432,1,1,1,2,"Gd",5,"Typ",1,1978,"Unf",2,588,"Y",168,180,0,6,2007,"WD","Normal",194000
2300,60,"RL",110,14277,"Reg","Lvl","Inside","Gtl","NridgHt","Norm","1Fam","2Story",8,5,2003,2003,"Gable","CompShg","VinylSd","VinylSd","BrkFace","Gd","TA","PConc","Ex","TA","Mn",938,"Unf",0,379,1317,"Ex","Y","SBrkr",1217,1168,2385,1,2,1,3,"Gd",7,"Typ",1,2003,"Fin",3,818,"Y",192,228,0,1,2007,"WD","Normal",184946.642483576
2781,30,"RM",50,5633,"Reg","Lvl","Inside","Gtl","OldTown","Norm","1Fam","1Story",5,7,1925,1950,"Gable","CompShg","MetalSd","Stucco","None","TA","TA","BrkTil","TA","Fa","No",0,"Unf",0,844,844,"TA","Y","SBrkr",844,0,844,0,1,0,2,"TA",5,"Typ",0,1925,"Unf",1,216,"N",50,81,0,7,2006,"WD","Normal",162186.071220207
2888,50,"RM",50,7000,"Reg","Lvl","Inside","Gtl","IDOTRR","Norm","1Fam","1.5Fin",6,7,1926,1950,"Hip","CompShg","MetalSd","MetalSd","None","TA","TA","PConc","TA","TA","No",374,"Unf",0,487,861,"Ex","Y","SBrkr",861,424,1285,0,1,0,3,"TA",6,"Typ",0,1950,"Fin",2,506,"Y",96,0,0,5,2006,"WD","Normal",175942.474593632
2668,60,"RL",65,10237,"Reg","Lvl","Inside","Gtl","Gilbert","RRAn","1Fam","2Story",7,5,2006,2006,"Gable","CompShg","VinylSd","VinylSd","None","Gd","TA","PConc","Gd","TA","No",0,"Unf",0,738,738,"Ex","Y","SBrkr",738,754,1492,0,2,1,3,"Gd",8,"Typ",0,2006,"Fin",2,440,"Y",0,32,0,9,2006,"New","Partial",186732.584943041
1328,20,"RL",60,6600,"Reg","Lvl","Inside","Gtl","Mitchel","Norm","1Fam","1Story",5,9,1982,2008,"Gable","CompShg","VinylSd","VinylSd","None","Gd","Gd","CBlock","TA","TA","No",641,"Unf",0,175,816,"Ex","Y","SBrkr",816,0,816,0,1,0,3,"Gd",5,"Typ",1,1982,"Unf",1,264,"Y",0,0,0,10,2008,"WD","Normal",130500
557,20,"RL",69,14850,"IR1","Lvl","Inside","Gtl","NAmes","Norm","1Fam","1Story",5,5,1957,1957,"Gable","CompShg","Wd Sdng","Wd Sdng","None","TA","TA","CBlock","TA","TA","No",895,"Unf",0,197,1092,"TA","Y","FuseA",1092,0,1092,1,1,0,2,"TA",6,"Typ",1,1957,"Fin",1,299,"Y",268,0,0,5,2006,"WD","Normal",141000
1685,60,"RL",57,8918,"IR1","Lvl","Inside","Gtl","Gilbert","Norm","1Fam","2Story",6,5,2005,2006,"Gable","CompShg","VinylSd","VinylSd","None","Gd","TA","PConc","Gd","TA","Av",0,"Unf",0,745,745,"Ex","Y","SBrkr",745,745,1490,0,2,1,3,"Gd",7,"Typ",1,2005,"Fin",2,392,"Y",36,20,0,7,2009,"WD","Normal",179233.926374487
287,50,"RL",77,9786,"IR1","Bnk","Inside","Gtl","NAmes","Norm","1Fam","1.5Fin",6,7,1962,1981,"Gable","CompShg","Wd Sdng","Wd Sdng","None","TA","TA","CBlock","TA","TA","No",600,"Unf",0,312,912,"TA","Y","SBrkr",1085,649,1734,0,1,1,3,"Gd",7,"Typ",1,1962,"RFn",2,440,"Y",0,0,0,6,2006,"WD","Normal",159000
2662,20,"RL",131,14828,"IR1","Lvl","Corner","Gtl","NridgHt","Norm","1Fam","1Story",9,5,2004,2005,"Hip","CompShg","MetalSd","MetalSd","BrkFace","Ex","TA","PConc","Ex","TA","Gd",1383,"Unf",0,397,1780,"Ex","Y","SBrkr",1780,0,1780,1,2,0,2,"Ex",7,"Typ",1,2004,"Fin",3,816,"Y",144,68,0,8,2006,"WD","Normal",181387.076390881
2377,20,"RL",94,17778,"IR1","Lvl","Inside","Gtl","Veenker","Norm","1Fam","1Story",8,5,1981,1981,"Hip","CompShg","BrkFace","BrkFace","None","Gd","TA","CBlock","Gd","TA","Gd",1632,"Rec",829,0,2461,"Gd","Y","SBrkr",2497,0,2497,1,2,0,2,"Gd",7,"Typ",2,1981,"RFn",2,676,"Y",266,0,0,3,2007,"WD","Normal",180770.649792036
2535,60,"RL",NA,12728,"Reg","Lvl","Inside","Gtl","CollgCr","Norm","1Fam","2Story",8,5,2001,2001,"Gable","CompShg","VinylSd","VinylSd","BrkFace","Gd","TA","PConc","Gd","TA","Mn",1198,"Unf",0,333,1531,"Ex","Y","SBrkr",1531,908,2439,1,2,1,4,"Gd",7,"Typ",1,2001,"Fin",2,560,"Y",184,121,0,1,2007,"WD","Normal",195174.031139141
1522,20,"RL",80,10032,"Reg","Lvl","Inside","Gtl","NAmes","Norm","1Fam","1Story",6,5,1959,1959,"Gable","CompShg","Wd Sdng","Wd Sdng","Stone","TA","TA","CBlock","TA","TA","No",734,"Unf",0,510,1244,"Ex","Y","SBrkr",1580,0,1580,1,1,1,3,"TA",6,"Typ",2,1956,"Unf",2,440,"Y",0,28,0,6,2010,"WD","Normal",179423.751581665
858,60,"RL",65,8125,"Reg","Lvl","Inside","Gtl","Gilbert","Norm","1Fam","2Story",6,5,1994,1995,"Gable","CompShg","HdBoard","HdBoard","None","TA","TA","PConc","Gd","TA","No",0,"Unf",0,702,702,"Gd","Y","SBrkr",702,779,1481,0,2,1,3,"TA",6,"Typ",1,1994,"Fin",2,343,"Y",0,36,0,3,2009,"WD","Normal",174000
1840,90,"RL",60,10800,"Reg","Lvl","Inside","Gtl","Edwards","Norm","Duplex","1Story",5,5,1987,1988,"Gable","CompShg","Plywood","Plywood","None","TA","Gd","CBlock","Gd","Gd","Gd",1200,"Unf",0,0,1200,"TA","Y","SBrkr",1200,0,1200,3,3,0,3,"TA",5,"Typ",0,NA,NA,0,0,"Y",120,0,0,3,2009,"WD","Alloca",178518.204332507
2667,60,"RL",65,10237,"Reg","Lvl","Inside","Gtl","Gilbert","RRAn","1Fam","2Story",6,5,2005,2006,"Gable","CompShg","VinylSd","VinylSd","None","Gd","TA","PConc","Gd","TA","No",0,"Unf",0,728,728,"Ex","Y","SBrkr",728,728,1456,0,2,1,3,"Gd",8,"Typ",1,2005,"Fin",2,390,"Y",0,24,0,2,2006,"New","Partial",178998.337067854
576,50,"RL",80,8480,"Reg","Lvl","Inside","Gtl","NAmes","Norm","1Fam","1.5Fin",5,5,1947,1950,"Gable","CompShg","MetalSd","MetalSd","None","TA","TA","CBlock","TA","TA","No",442,"Unf",0,390,832,"TA","Y","SBrkr",832,384,1216,0,1,0,2,"TA",6,"Typ",0,1947,"Unf",1,336,"Y",158,0,0,10,2008,"COD","Abnorml",118500
990,60,"FV",65,8125,"Reg","Lvl","Inside","Gtl","Somerst","Norm","1Fam","2Story",7,5,2006,2006,"Gable","CompShg","VinylSd","VinylSd","None","Gd","TA","PConc","Gd","Gd","No",0,"Unf",0,770,770,"Ex","Y","SBrkr",778,798,1576,0,2,1,3,"Gd",6,"Typ",0,2006,"RFn",2,614,"Y",0,50,0,8,2006,"New","Partial",197000
316,60,"RL",71,7795,"IR1","Lvl","Inside","Gtl","Gilbert","Norm","1Fam","2Story",7,5,2004,2005,"Gable","CompShg","VinylSd","VinylSd","None","Gd","TA","PConc","Gd","TA","No",425,"Unf",0,291,716,"Ex","Y","SBrkr",716,716,1432,1,2,1,3,"Gd",6,"Typ",1,2004,"Fin",2,432,"Y",100,51,0,7,2009,"WD","Normal",188500
1075,20,"RL",74,8556,"Reg","Lvl","Inside","Gtl","CollgCr","Norm","1Fam","1Story",7,5,2006,2006,"Gable","CompShg","VinylSd","VinylSd","None","Gd","TA","PConc","Gd","TA","Av",0,"Unf",0,1240,1240,"Ex","Y","SBrkr",1240,0,1240,0,2,0,2,"Gd",5,"Typ",0,2006,"RFn",3,826,"Y",140,93,0,5,2007,"WD","Normal",194000
733,60,"RL",75,11404,"IR1","Lvl","Inside","Gtl","CollgCr","Norm","1Fam","2Story",7,5,1998,1999,"Gable","CompShg","VinylSd","VinylSd","BrkFace","Gd","TA","PConc","Gd","TA","Av",252,"Unf",0,901,1153,"Ex","Y","SBrkr",1153,878,2031,0,2,1,3,"Gd",8,"Typ",1,1998,"Fin",2,541,"Y",192,84,0,7,2008,"WD","Normal",222500
1314,60,"RL",108,14774,"IR1","Lvl","Corner","Gtl","NoRidge","Norm","1Fam","2Story",9,5,1999,1999,"Gable","CompShg","VinylSd","VinylSd","BrkFace","Gd","TA","PConc","Gd","TA","No",0,"Unf",0,1393,1393,"Ex","Y","SBrkr",1422,1177,2599,0,2,1,4,"Gd",10,"Typ",1,1999,"Fin",3,779,"Y",668,30,0,5,2010,"WD","Normal",333168
2698,60,"RL",70,9370,"IR2","Lvl","Inside","Gtl","SawyerW","Norm","1Fam","2Story",6,5,1992,1993,"Gable","CompShg","HdBoard","HdBoard","None","Gd","TA","PConc","Gd","TA","No",758,"Unf",0,78,836,"Ex","Y","SBrkr",844,887,1731,1,2,1,3,"Gd",7,"Typ",0,1992,"RFn",2,462,"Y",307,85,0,10,2006,"WD","Family",186131.188248242
2916,160,"RM",21,1894,"Reg","Lvl","Inside","Gtl","MeadowV","Norm","TwnhsE","2Story",4,5,1970,1970,"Gable","CompShg","CemntBd","CmentBd","None","TA","TA","CBlock","TA","TA","No",252,"Unf",0,294,546,"TA","Y","SBrkr",546,546,1092,0,1,1,3,"TA",6,"Typ",0,1970,"Unf",1,286,"Y",0,24,0,4,2006,"WD","Abnorml",164788.778231138
811,20,"RL",78,10140,"Reg","Lvl","Inside","Gtl","NWAmes","Norm","1Fam","1Story",6,6,1974,1999,"Hip","CompShg","HdBoard","HdBoard","BrkFace","TA","TA","CBlock","TA","TA","No",663,"LwQ",377,0,1040,"Fa","Y","SBrkr",1309,0,1309,1,1,1,3,"Gd",5,"Typ",1,1974,"RFn",2,484,"Y",265,0,0,1,2006,"WD","Normal",181000
955,90,"RL",35,9400,"IR1","Lvl","CulDSac","Gtl","Edwards","Norm","Duplex","SFoyer",6,5,1975,1975,"Flat","Tar&Grv","WdShing","Plywood","BrkFace","TA","TA","CBlock","Gd","Gd","Gd",945,"Unf",0,0,945,"TA","Y","SBrkr",980,0,980,0,2,0,4,"TA",4,"Typ",0,NA,NA,0,0,"Y",0,0,0,10,2006,"WD","AdjLand",127500
2330,60,"RL",59,9649,"IR1","Lvl","Inside","Gtl","Gilbert","Norm","1Fam","2Story",6,5,1999,2000,"Gable","CompShg","VinylSd","VinylSd","None","TA","TA","PConc","Gd","TA","No",0,"Unf",0,941,941,"Ex","Y","SBrkr",961,683,1644,0,2,1,3,"TA",7,"Typ",1,1999,"RFn",2,460,"Y",460,42,0,5,2007,"WD","Normal",180258.131219792
1167,20,"RL",64,10475,"IR1","Lvl","Corner","Gtl","CollgCr","Norm","1Fam","1Story",8,5,2008,2008,"Gable","CompShg","VinylSd","VinylSd","Stone","Gd","TA","PConc","Gd","TA","Av",0,"Unf",0,1694,1694,"Ex","Y","SBrkr",1694,0,1694,0,2,0,3,"Gd",7,"Typ",0,2008,"RFn",3,776,"Y",160,33,0,2,2010,"WD","Normal",245350
2333,60,"RL",74,11002,"IR1","Lvl","Inside","Gtl","NoRidge","Norm","1Fam","2Story",8,5,1998,1999,"Gable","CompShg","VinylSd","VinylSd","None","Gd","TA","PConc","Gd","TA","No",1048,"Unf",0,341,1389,"Ex","Y","SBrkr",1411,1171,2582,1,2,1,4,"Gd",9,"Typ",1,1998,"Fin",3,758,"Y",286,60,0,1,2007,"WD","Normal",191777.196949138
1706,20,"RL",85,11128,"Reg","Lvl","Corner","Gtl","Somerst","PosN","1Fam","1Story",9,5,2005,2006,"Hip","CompShg","VinylSd","VinylSd","Stone","Ex","TA","PConc","Ex","TA","Gd",2158,"Unf",0,300,2458,"Ex","Y","SBrkr",2490,0,2490,1,2,0,2,"Ex",9,"Typ",2,2005,"Fin",3,795,"Y",70,226,0,10,2009,"WD","Normal",173622.088728263
501,160,"RM",21,1890,"Reg","Lvl","Inside","Gtl","BrDale","Norm","Twnhs","2Story",6,5,1973,1973,"Gable","CompShg","HdBoard","HdBoard","BrkFace","TA","TA","CBlock","TA","TA","No",356,"Unf",0,316,672,"TA","Y","SBrkr",672,546,1218,0,1,1,3,"TA",7,"Typ",0,1973,"Unf",1,264,"Y",144,28,0,5,2007,"WD","Normal",113000
2559,30,"RL",54,7223,"Reg","Lvl","Inside","Gtl","Crawfor","Norm","1Fam","1Story",5,5,1926,1950,"Hip","CompShg","Stucco","Plywood","None","TA","TA","PConc","TA","TA","Mn",319,"Unf",0,971,1290,"TA","Y","SBrkr",1422,0,1422,0,1,0,3,"TA",6,"Typ",0,1973,"Unf",1,352,"Y",0,0,0,4,2007,"WD","Normal",174378.777632042
536,190,"RL",70,7000,"Reg","Lvl","Inside","Gtl","Edwards","Norm","2fmCon","2Story",5,7,1910,1991,"Gable","CompShg","MetalSd","MetalSd","None","TA","TA","CBlock","Gd","TA","Gd",969,"Unf",0,148,1117,"TA","Y","SBrkr",820,527,1347,1,1,0,3,"TA",5,"Typ",0,NA,NA,0,0,"N",85,0,0,1,2008,"WD","Normal",107500
2741,20,"RL",70,8400,"Reg","Lvl","Corner","Gtl","NAmes","Feedr","1Fam","1Story",5,5,1957,1957,"Gable","CompShg","BrkFace","BrkFace","None","TA","TA","CBlock","Fa","TA","Mn",623,"Unf",0,556,1179,"Gd","Y","SBrkr",1364,0,1364,0,1,1,3,"TA",6,"Typ",1,1957,"RFn",1,331,"Y",0,60,0,3,2006,"WD","Normal",176487.943174734
988,20,"RL",83,10159,"IR1","Lvl","Inside","Gtl","NridgHt","Norm","1Fam","1Story",9,5,2009,2010,"Hip","CompShg","VinylSd","VinylSd","Stone","Ex","TA","PConc","Ex","TA","Av",1646,"Unf",0,284,1930,"Ex","Y","SBrkr",1940,0,1940,1,2,1,3,"Ex",8,"Typ",1,2010,"Fin",3,606,"Y",168,95,0,4,2010,"New","Partial",395192
2785,50,"RM",50,6000,"Reg","Lvl","Inside","Gtl","OldTown","Norm","1Fam","1.5Fin",5,7,1924,1950,"Gable","CompShg","MetalSd","MetalSd","BrkFace","TA","Gd","PConc","TA","TA","No",0,"Unf",0,816,816,"Ex","Y","SBrkr",816,750,1566,0,1,1,5,"Gd",7,"Typ",0,1976,"Unf",2,450,"Y",24,0,0,8,2006,"WD","Normal",203840.874021305
1067,60,"RL",59,7837,"IR1","Lvl","Inside","Gtl","Gilbert","Norm","1Fam","2Story",6,7,1993,1994,"Gable","CompShg","VinylSd","VinylSd","None","Gd","TA","PConc","Gd","TA","No",0,"Unf",0,799,799,"Gd","Y","SBrkr",799,772,1571,0,2,1,3,"TA",7,"Typ",1,1993,"RFn",2,380,"Y",0,40,0,5,2009,"WD","Normal",178000
1025,20,"RL",NA,15498,"IR1","Lvl","Corner","Gtl","Timber","Norm","1Fam","1Story",8,6,1976,1976,"Hip","WdShake","Stone","HdBoard","None","Gd","TA","CBlock","Gd","TA","Av",1165,"LwQ",400,0,1565,"TA","Y","SBrkr",2898,0,2898,1,2,0,2,"Gd",10,"Typ",1,1976,"Fin",2,665,"Y",0,72,0,5,2008,"COD","Abnorml",287000
29,20,"RL",47,16321,"IR1","Lvl","CulDSac","Gtl","NAmes","Norm","1Fam","1Story",5,6,1957,1997,"Gable","CompShg","MetalSd","MetalSd","None","TA","TA","CBlock","TA","TA","Gd",1277,"Unf",0,207,1484,"TA","Y","SBrkr",1600,0,1600,1,1,0,2,"TA",6,"Typ",2,1957,"RFn",1,319,"Y",288,258,0,12,2006,"WD","Normal",207500
1942,60,"RL",NA,14067,"Reg","Lvl","FR3","Gtl","Gilbert","Norm","1Fam","2Story",6,5,1991,1991,"Gable","CompShg","HdBoard","HdBoard","BrkFace","TA","TA","PConc","Gd","TA","No",504,"Unf",0,332,836,"Gd","Y","SBrkr",851,858,1709,1,2,1,3,"Gd",7,"Typ",0,1991,"Fin",2,416,"Y",0,40,0,9,2008,"WD","Normal",192474.817899346
838,160,"RM",21,1680,"Reg","Lvl","Inside","Gtl","BrDale","Norm","Twnhs","2Story",6,5,1973,1973,"Gable","CompShg","HdBoard","HdBoard","BrkFace","TA","TA","CBlock","TA","TA","No",330,"Unf",0,153,483,"TA","Y","SBrkr",483,504,987,1,1,1,2,"TA",5,"Typ",0,1973,"Unf",1,264,"Y",0,0,0,11,2008,"WD","Normal",1e+05
1820,30,"C (all)",NA,3300,"Reg","Lvl","Inside","Gtl","OldTown","Norm","1Fam","1Story",4,3,1910,1950,"Gable","CompShg","Stucco","Stucco","None","TA","TA","BrkTil","TA","TA","No",0,"Unf",0,624,624,"Ex","Y","SBrkr",816,0,816,0,1,0,2,"TA",5,"Typ",1,NA,NA,0,0,"N",0,33,0,6,2009,"WD","Normal",153796.714319583
1652,160,"RM",21,1680,"Reg","Lvl","Inside","Gtl","BrDale","Norm","Twnhs","2Story",6,5,1973,1973,"Gable","CompShg","HdBoard","HdBoard","BrkFace","TA","TA","CBlock","TA","TA","No",254,"Unf",0,229,483,"TA","Y","SBrkr",483,504,987,1,1,1,2,"TA",5,"Typ",0,1973,"Unf",1,264,"Y",0,0,0,7,2009,"WD","Normal",151713.38474815
2281,120,"RH",33,4113,"IR1","Lvl","Inside","Gtl","NAmes","Norm","TwnhsE","1Story",6,5,2001,2001,"Gable","CompShg","MetalSd","MetalSd","None","Gd","TA","PConc","Gd","TA","Mn",0,"Unf",0,1337,1337,"Ex","Y","SBrkr",1337,0,1337,0,2,0,2,"Gd",5,"Typ",1,2001,"Fin",2,511,"Y",136,68,0,7,2007,"WD","Normal",158296.975970284
1317,20,"RL",61,10226,"IR1","Lvl","Inside","Gtl","CollgCr","Norm","1Fam","1Story",8,5,2008,2008,"Gable","CompShg","VinylSd","VinylSd","Stone","Gd","TA","PConc","Ex","TA","Gd",0,"Unf",0,1622,1622,"Ex","Y","SBrkr",1630,0,1630,1,2,0,3,"Ex",8,"Typ",1,2008,"RFn",3,860,"Y",172,42,0,1,2009,"WD","Normal",295493
573,60,"RL",83,13159,"IR1","HLS","Corner","Gtl","Timber","Norm","1Fam","2Story",7,5,2009,2009,"Gable","CompShg","VinylSd","VinylSd","None","TA","TA","PConc","Ex","TA","Av",0,"Unf",0,846,846,"Gd","Y","SBrkr",846,846,1692,0,2,1,3,"Gd",6,"Typ",0,2009,"RFn",2,650,"Y",208,114,0,7,2009,"New","Partial",224500
1966,120,"RL",24,2529,"Reg","Lvl","Inside","Gtl","NPkVill","Norm","Twnhs","1Story",7,6,1977,1977,"Gable","CompShg","Plywood","Brk Cmn","None","TA","TA","CBlock","Gd","TA","No",378,"Unf",0,677,1055,"Fa","Y","SBrkr",1055,0,1055,0,2,0,2,"TA",4,"Typ",0,1977,"Unf",2,440,"Y",0,38,0,9,2008,"WD","Normal",156491.711373235
369,20,"RL",78,7800,"Reg","Lvl","Inside","Gtl","NAmes","Norm","1Fam","1Story",5,6,1954,1954,"Gable","CompShg","HdBoard","HdBoard","BrkFace","TA","TA","PConc","TA","TA","No",540,"Unf",0,728,1268,"Gd","Y","SBrkr",1268,0,1268,0,1,0,2,"TA",7,"Typ",1,1954,"Fin",1,244,"Y",0,98,0,3,2010,"WD","Normal",132000
2499,30,"RL",NA,11515,"IR1","Lvl","CulDSac","Gtl","Edwards","Norm","1Fam","1Story",4,5,1958,1994,"Gable","CompShg","HdBoard","HdBoard","None","TA","TA","Slab",NA,NA,NA,0,NA,0,0,0,"TA","N","SBrkr",943,0,943,0,1,0,3,"Gd",5,"Min2",0,1958,"Unf",1,308,"N",0,0,0,8,2007,"WD","Normal",187245.168439419
86,60,"RL",121,16059,"Reg","Lvl","Corner","Gtl","NoRidge","Norm","1Fam","2Story",8,5,1991,1992,"Hip","CompShg","HdBoard","HdBoard","BrkFace","Gd","TA","CBlock","Gd","TA","No",0,"Unf",0,1288,1288,"Ex","Y","SBrkr",1301,1116,2417,0,2,1,4,"Gd",9,"Typ",1,1991,"Unf",2,462,"Y",127,82,0,4,2006,"WD","Normal",260000
1507,60,"RL",80,10791,"Reg","Lvl","Inside","Gtl","NWAmes","Norm","1Fam","2Story",6,5,1993,1993,"Gable","CompShg","MetalSd","MetalSd","None","TA","TA","PConc","Gd","TA","Mn",1137,"Unf",0,143,1280,"Ex","Y","SBrkr",1280,1215,2495,1,2,1,4,"Gd",9,"Typ",1,1993,"Unf",2,660,"Y",224,32,0,3,2010,"WD","Normal",190878.69508543
2375,120,"RL",50,9466,"IR2","Lvl","FR2","Gtl","Veenker","Norm","TwnhsE","1Story",8,5,1994,1995,"Gable","CompShg","BrkFace","BrkFace","None","Gd","TA","PConc","Gd","TA","Gd",457,"ALQ",1037,0,1494,"Ex","Y","SBrkr",1494,0,1494,1,1,1,1,"Gd",5,"Typ",1,1994,"Fin",2,478,"Y",0,30,0,5,2007,"WD","Normal",153346.220086301
1646,20,"RL",78,10140,"Reg","Lvl","Inside","Gtl","NWAmes","Norm","1Fam","1Story",6,6,1974,1974,"Hip","CompShg","Plywood","Plywood","BrkFace","TA","TA","CBlock","TA","TA","No",888,"Unf",0,228,1116,"Ex","Y","SBrkr",1116,0,1116,1,2,0,3,"TA",6,"Typ",1,1974,"RFn",2,528,"Y",0,0,0,4,2009,"WD","Normal",178324.191575907
355,50,"RL",60,8400,"Reg","Bnk","Inside","Gtl","SWISU","Norm","1Fam","1.5Fin",6,5,1940,2000,"Gable","CompShg","Wd Sdng","MetalSd","None","TA","TA","CBlock","TA","TA","No",388,"Unf",0,552,940,"Ex","Y","SBrkr",1192,403,1595,0,1,0,2,"TA",6,"Typ",2,1940,"Unf",1,240,"Y",0,0,0,6,2006,"WD","Normal",140000
1843,20,"RL",75,11625,"Reg","Lvl","Inside","Gtl","Sawyer","Norm","1Fam","1Story",5,6,1967,1967,"Hip","CompShg","HdBoard","HdBoard","BrkFace","TA","TA","CBlock","TA","TA","No",527,"Unf",0,525,1052,"TA","Y","SBrkr",1052,0,1052,0,1,1,3,"TA",6,"Typ",1,1984,"Fin",1,668,"Y",0,215,0,4,2009,"WD","Abnorml",181246.728523853
1073,50,"RL",50,7585,"Reg","Lvl","Inside","Gtl","Edwards","Artery","1Fam","1.5Fin",5,3,1948,1950,"Gable","CompShg","MetalSd","MetalSd","None","TA","TA","CBlock","Fa","Fa","Mn",0,"Unf",0,810,810,"Fa","Y","FuseA",1002,454,1456,1,1,0,4,"TA",7,"Typ",1,1954,"Unf",1,280,"P",0,0,0,8,2006,"WD","Normal",91500
361,85,"RL",NA,7540,"IR1","Lvl","CulDSac","Gtl","Mitchel","Norm","1Fam","SFoyer",6,6,1978,1978,"Gable","CompShg","VinylSd","VinylSd","None","TA","TA","CBlock","Gd","TA","Av",773,"Unf",0,115,888,"Ex","Y","SBrkr",912,0,912,1,1,0,2,"TA",5,"Typ",1,1978,"RFn",2,470,"Y",0,0,0,6,2007,"WD","Normal",156000
1340,20,"RL",120,9560,"IR1","Lvl","Corner","Gtl","CollgCr","Norm","1Fam","1Story",5,7,1972,1972,"Hip","CompShg","MetalSd","MetalSd","None","TA","Gd","CBlock","TA","TA","Mn",360,"Unf",0,504,864,"Ex","Y","SBrkr",864,0,864,0,1,0,3,"TA",5,"Typ",0,1972,"RFn",1,288,"Y",0,0,0,6,2006,"WD","Normal",128500
1266,160,"FV",35,3735,"Reg","Lvl","FR3","Gtl","Somerst","Norm","TwnhsE","2Story",7,5,1999,1999,"Hip","CompShg","MetalSd","MetalSd","BrkFace","Gd","TA","PConc","Gd","TA","No",450,"Unf",0,241,691,"Ex","Y","SBrkr",713,739,1452,1,2,1,3,"Gd",6,"Typ",0,1999,"Unf",2,506,"Y",0,34,0,3,2006,"WD","Normal",183900
1841,90,"RL",NA,10547,"IR1","Lvl","Inside","Gtl","Edwards","Norm","Duplex","SFoyer",5,5,1978,1978,"Gable","CompShg","Plywood","Plywood","None","TA","TA","PConc","Gd","Gd","Gd",1152,"Unf",0,0,1152,"TA","Y","SBrkr",1152,0,1152,2,2,0,2,"TA",6,"Typ",0,1960,"Unf",1,252,"N",0,0,0,7,2009,"WD","Normal",169163.980786825
247,190,"RM",69,9142,"Reg","Lvl","Inside","Gtl","OldTown","Norm","2fmCon","2Story",6,8,1910,1950,"Gable","CompShg","AsbShng","AsbShng","None","TA","Fa","Stone","Fa","TA","No",0,"Unf",0,1020,1020,"Gd","N","FuseP",908,1020,1928,0,2,0,4,"Fa",9,"Typ",0,1910,"Unf",1,440,"Y",0,60,0,4,2006,"WD","Normal",137000
751,50,"RM",55,8800,"Reg","Lvl","Corner","Gtl","OldTown","Norm","1Fam","1.5Fin",4,7,1910,2004,"Gable","CompShg","Wd Sdng","Wd Sdng","None","TA","TA","BrkTil","TA","Fa","No",0,"Unf",0,576,576,"Gd","Y","SBrkr",792,348,1140,0,1,0,3,"TA",7,"Min2",0,NA,NA,0,0,"N",0,160,0,6,2010,"WD","Normal",96500
219,50,"RL",NA,15660,"IR1","Lvl","Corner","Gtl","Crawfor","Norm","1Fam","1.5Fin",7,9,1939,2006,"Gable","CompShg","VinylSd","VinylSd","BrkFace","Gd","Gd","CBlock","TA","TA","No",341,"Unf",0,457,798,"Ex","Y","SBrkr",1137,817,1954,0,1,1,3,"Gd",8,"Typ",2,1939,"Unf",2,431,"Y",0,119,0,5,2008,"WD","Normal",311500
135,20,"RL",78,10335,"IR1","Lvl","Inside","Gtl","Sawyer","Norm","1Fam","1Story",5,6,1968,1993,"Gable","CompShg","Plywood","Plywood","None","TA","TA","CBlock","TA","TA","No",570,"Unf",0,891,1461,"Gd","Y","SBrkr",1721,0,1721,0,2,1,3,"TA",7,"Min1",1,1968,"RFn",2,440,"Y",0,96,0,7,2006,"WD","Normal",180000
111,50,"RL",75,9525,"Reg","Lvl","Inside","Gtl","Edwards","Norm","1Fam","1.5Fin",6,4,1954,1972,"Gable","CompShg","Wd Sdng","Wd Sdng","None","TA","TA","CBlock","TA","Fa","No",444,"Unf",0,550,994,"Gd","Y","SBrkr",1216,639,1855,0,2,0,4,"TA",7,"Typ",0,1954,"Unf",1,325,"Y",182,0,0,10,2006,"WD","Normal",136900
532,70,"RM",60,6155,"IR1","Lvl","FR3","Gtl","BrkSide","RRNn","1Fam","2Story",6,8,1920,1999,"Gable","CompShg","Wd Sdng","Wd Sdng","None","TA","TA","BrkTil","Fa","Fa","Mn",0,"Unf",0,611,611,"Ex","Y","SBrkr",751,611,1362,0,2,0,3,"TA",6,"Typ",0,1920,"Fin",2,502,"Y",0,0,0,6,2008,"WD","Normal",128000
2425,70,"RL",113,21281,"Reg","Lvl","Inside","Gtl","NAmes","Norm","1Fam","2Story",5,4,1935,2007,"Gable","CompShg","Wd Sdng","MetalSd","None","TA","TA","BrkTil","TA","Fa","No",0,"Unf",0,666,666,"Gd","Y","SBrkr",1308,1778,3086,0,3,1,4,"Gd",9,"Min1",0,2007,"Unf",3,1200,"Y",0,208,0,11,2007,"WD","Family",223055.588672278
408,70,"RL",63,15576,"Reg","Lvl","Inside","Gtl","Crawfor","Norm","1Fam","2Story",6,7,1915,1976,"Gable","CompShg","Wd Sdng","Plywood","None","TA","TA","BrkTil","Gd","TA","No",0,"Unf",0,840,840,"Ex","Y","SBrkr",840,840,1680,0,2,0,4,"TA",8,"Typ",0,1960,"Unf",1,308,"Y",0,0,0,3,2008,"WD","Normal",177000
1589,50,"RL",89,11792,"Reg","Lvl","Inside","Gtl","Edwards","Norm","1Fam","1.5Fin",4,5,1948,1950,"Gable","CompShg","VinylSd","VinylSd","None","TA","TA","CBlock","TA","TA","No",0,"Unf",0,744,744,"Ex","N","FuseF",792,328,1120,0,1,0,2,"Fa",5,"Typ",0,1956,"Unf",2,480,"P",0,0,0,6,2010,"WD","Abnorml",169611.619017694
912,20,"RL",NA,9286,"IR1","Lvl","CulDSac","Mod","CollgCr","Norm","1Fam","1Story",5,7,1977,1989,"Gable","CompShg","HdBoard","Plywood","None","TA","TA","CBlock","Gd","Gd","Av",196,"Unf",0,1072,1268,"TA","Y","SBrkr",1268,0,1268,0,1,1,3,"Gd",5,"Typ",0,1978,"Unf",1,252,"Y",173,0,0,10,2009,"WD","Normal",143500
2515,20,"RL",NA,14217,"IR2","Lvl","CulDSac","Gtl","CollgCr","Norm","1Fam","1Story",5,5,1994,1994,"Gable","CompShg","VinylSd","VinylSd","None","TA","TA","PConc","Gd","TA","No",550,"Unf",0,472,1022,"Gd","Y","SBrkr",1022,0,1022,0,1,0,3,"TA",6,"Typ",0,1995,"Unf",2,747,"Y",0,0,0,8,2007,"WD","Normal",192562.808057836
2178,60,"RL",96,11690,"IR1","Lvl","Inside","Gtl","CollgCr","Norm","1Fam","2Story",8,5,1999,2000,"Gable","CompShg","VinylSd","VinylSd","BrkFace","Gd","TA","PConc","Gd","TA","Av",0,"Unf",0,850,850,"Ex","Y","SBrkr",886,878,1764,0,2,1,3,"Gd",7,"Typ",1,1999,"Unf",2,560,"Y",120,29,0,6,2008,"WD","Normal",184482.11308349
2832,20,"RL",90,13377,"Reg","Lvl","Corner","Gtl","CollgCr","Norm","1Fam","1Story",6,5,2006,2006,"Hip","CompShg","VinylSd","VinylSd","None","Gd","TA","PConc","Gd","TA","No",1576,"Unf",0,260,1836,"Gd","Y","SBrkr",1846,0,1846,1,2,0,3,"Gd",7,"Typ",1,2006,"RFn",2,495,"Y",0,32,0,7,2006,"New","Partial",190702.440251029
1836,50,"RM",60,5160,"Reg","Lvl","Corner","Gtl","IDOTRR","Norm","1Fam","1.5Fin",6,6,1927,1950,"Gable","CompShg","MetalSd","MetalSd","None","TA","Fa","BrkTil","TA","TA","No",0,"Unf",0,1204,1204,"TA","Y","FuseA",1204,462,1666,0,1,0,3,"TA",4,"Typ",0,1927,"Unf",1,384,"Y",0,0,0,8,2009,"WD","Normal",172942.930813351
359,80,"RL",92,6930,"IR1","Lvl","Inside","Gtl","ClearCr","Norm","1Fam","SLvl",5,4,1958,1958,"Hip","CompShg","Wd Sdng","ImStucc","BrkFace","TA","TA","CBlock","TA","TA","Av",300,"Rec",294,468,1062,"Ex","Y","FuseF",1352,0,1352,0,1,0,3,"Gd",6,"Min2",0,1958,"Unf",1,288,"Y",168,0,0,7,2006,"WD","Abnorml",130000
2153,20,"RL",68,9571,"Reg","Lvl","Inside","Gtl","Edwards","Norm","1Fam","1Story",5,6,1956,1956,"Hip","CompShg","Wd Sdng","Wd Sdng","None","TA","TA","CBlock","TA","TA","Av",870,"Unf",0,639,1509,"TA","Y","FuseA",1509,0,1509,1,1,0,3,"Gd",6,"Typ",1,1956,"Unf",1,322,"Y",158,0,0,7,2008,"WD","Normal",181416.732376013
1148,70,"RL",75,12000,"Reg","Bnk","Inside","Gtl","Crawfor","Norm","1Fam","2Story",7,7,1941,1950,"Gable","CompShg","MetalSd","MetalSd","None","TA","TA","CBlock","TA","TA","No",275,"Unf",0,429,704,"Ex","Y","SBrkr",860,704,1564,0,1,1,3,"Fa",7,"Typ",1,1941,"Unf",1,234,"Y",0,0,0,7,2009,"WD","Normal",174500
2042,60,"FV",NA,7500,"Reg","Lvl","Inside","Gtl","Somerst","Norm","1Fam","2Story",7,5,2002,2002,"Gable","CompShg","VinylSd","VinylSd",NA,"Gd","TA","PConc","Gd","TA","No",0,"Unf",0,952,952,"Ex","Y","SBrkr",952,860,1812,0,2,1,3,"TA",7,"Typ",1,2002,"RFn",2,469,"Y",144,112,0,4,2008,"WD","Normal",174026.247294886
1101,30,"RL",60,8400,"Reg","Bnk","Inside","Gtl","SWISU","Norm","1Fam","1Story",2,5,1920,1950,"Gable","CompShg","Wd Sdng","Wd Sdng","None","TA","TA","CBlock","TA","Fa","No",290,"Unf",0,0,290,"TA","N","FuseF",438,0,438,0,1,0,1,"Fa",3,"Typ",0,1930,"Unf",1,246,"N",0,0,0,1,2009,"WD","Normal",60000
1242,20,"RL",83,9849,"Reg","Lvl","Inside","Gtl","Somerst","Norm","1Fam","1Story",7,6,2007,2007,"Hip","CompShg","VinylSd","VinylSd","Stone","Gd","TA","PConc","Gd","TA","Av",0,"Unf",0,1689,1689,"Ex","Y","SBrkr",1689,0,1689,0,2,0,3,"Gd",7,"Typ",0,2007,"RFn",3,954,"Y",0,56,0,6,2007,"New","Partial",248328
1218,20,"FV",72,8640,"Reg","Lvl","Inside","Gtl","Somerst","Norm","1Fam","1Story",8,5,2009,2009,"Gable","CompShg","CemntBd","CmentBd","Stone","Gd","TA","PConc","Gd","TA","Mn",936,"Unf",0,364,1300,"Ex","Y","SBrkr",1314,0,1314,1,2,0,3,"Gd",6,"Typ",0,2009,"RFn",2,552,"Y",135,112,0,9,2009,"New","Partial",229456
19,20,"RL",66,13695,"Reg","Lvl","Inside","Gtl","SawyerW","RRAe","1Fam","1Story",5,5,2004,2004,"Gable","CompShg","VinylSd","VinylSd","None","TA","TA","PConc","TA","TA","No",646,"Unf",0,468,1114,"Ex","Y","SBrkr",1114,0,1114,1,1,1,3,"Gd",6,"Typ",0,2004,"Unf",2,576,"Y",0,102,0,6,2008,"WD","Normal",159000
273,60,"RL",92,11764,"IR1","Lvl","CulDSac","Gtl","NoRidge","Norm","1Fam","2Story",8,7,1999,2007,"Gable","CompShg","VinylSd","VinylSd","BrkFace","Gd","TA","PConc","Gd","TA","No",524,"Unf",0,628,1152,"Ex","Y","SBrkr",1164,1106,2270,0,2,1,4,"Gd",9,"Typ",1,1999,"Fin",3,671,"Y",132,57,0,4,2010,"WD","Normal",290000
418,70,"RL",86,22420,"IR1","Lvl","Inside","Gtl","Crawfor","Feedr","1Fam","2Story",6,6,1918,1950,"Hip","CompShg","Wd Sdng","Stucco","None","TA","TA","BrkTil","Gd","TA","No",1128,"Unf",0,242,1370,"TA","N","FuseA",1370,1254,2624,1,2,1,4,"TA",10,"Typ",1,1918,"Unf",3,864,"N",0,0,0,11,2007,"WD","Normal",239000
1995,60,"RL",77,8390,"IR1","Lvl","Inside","Gtl","Gilbert","Norm","1Fam","2Story",7,5,1999,1999,"Gable","CompShg","VinylSd","VinylSd","None","TA","TA","PConc","Gd","TA","No",0,"Unf",0,831,831,"Ex","Y","SBrkr",873,778,1651,0,2,1,3,"TA",7,"Typ",1,1999,"Fin",2,450,"Y",0,103,0,5,2008,"WD","Normal",176882.693978902
1567,30,"RL",94,9259,"Reg","Lvl","Corner","Gtl","Sawyer","Feedr","1Fam","1Story",4,4,1927,1950,"Gable","CompShg","Wd Sdng","Wd Sdng","None","TA","TA","BrkTil","Fa","TA","No",0,"Unf",0,660,660,"TA","N","SBrkr",756,0,756,0,1,0,2,"TA",4,"Typ",0,1945,"Unf",2,440,"N",80,0,0,6,2010,"WD","Normal",164626.577880222
2467,70,"RM",NA,5700,"IR1","Lvl","Corner","Gtl","OldTown","Feedr","1Fam","2Story",7,6,1929,1990,"Gable","CompShg","Wd Sdng","Wd Shng","None","TA","TA","BrkTil","TA","TA","No",336,"Unf",0,336,672,"Gd","N","FuseA",672,672,1344,1,1,1,3,"Gd",6,"Typ",1,1979,"Unf",2,456,"Y",0,0,0,9,2007,"WD","Normal",176905.917994834
867,20,"RL",67,10656,"IR1","HLS","Inside","Gtl","Timber","Norm","1Fam","1Story",8,5,2006,2007,"Gable","CompShg","VinylSd","VinylSd","Stone","Gd","TA","PConc","Gd","TA","Av",0,"Unf",0,1638,1638,"Ex","Y","SBrkr",1646,0,1646,0,2,0,3,"Gd",6,"Typ",1,2007,"RFn",3,870,"Y",192,80,0,11,2007,"New","Partial",248900
686,160,"RL",NA,5062,"IR1","Lvl","CulDSac","Gtl","StoneBr","Norm","TwnhsE","2Story",7,5,1984,1984,"Gable","CompShg","HdBoard","HdBoard","None","Gd","TA","CBlock","Gd","TA","Mn",828,"LwQ",182,180,1190,"Gd","Y","SBrkr",1190,900,2090,1,2,0,3,"Gd",6,"Min1",1,1984,"Fin",2,577,"Y",219,0,0,9,2007,"WD","Normal",207500
403,30,"RL",60,10200,"Reg","Lvl","Inside","Gtl","Sawyer","Norm","1Fam","1Story",5,8,1940,1997,"Gable","CompShg","Wd Sdng","Wd Sdng","None","TA","TA","PConc","TA","TA","No",0,"Unf",0,672,672,"Ex","Y","SBrkr",672,0,672,0,1,0,2,"TA",4,"Typ",0,1940,"Unf",1,240,"N",168,0,0,8,2008,"WD","Normal",108000
1611,20,"RL",85,15300,"Reg","Bnk","Inside","Gtl","Mitchel","Norm","1Fam","1Story",5,5,1965,1977,"Hip","CompShg","Plywood","HdBoard","None","TA","TA","CBlock","TA","TA","No",42,"Unf",0,1026,1068,"TA","Y","SBrkr",1264,0,1264,1,1,0,2,"TA",7,"Typ",1,1965,"Unf",2,528,"Y",0,0,0,6,2010,"WD","Normal",176515.497545231
1040,180,"RM",21,1477,"Reg","Lvl","Inside","Gtl","MeadowV","Norm","TwnhsE","SFoyer",4,4,1970,1970,"Gable","CompShg","CemntBd","CmentBd","None","TA","TA","CBlock","Gd","TA","Av",509,"Unf",0,121,630,"TA","Y","SBrkr",630,0,630,1,1,0,1,"TA",3,"Typ",0,1970,"Unf",1,286,"Y",0,0,0,4,2009,"WD","Normal",80000
1064,30,"RM",50,6000,"Reg","Lvl","Inside","Gtl","OldTown","Artery","1Fam","1Story",6,6,1925,1980,"Gable","CompShg","MetalSd","MetalSd","None","TA","Gd","BrkTil","TA","TA","No",397,"Unf",0,706,1103,"Gd","Y","SBrkr",1103,0,1103,0,1,0,2,"Gd",5,"Typ",1,1976,"Unf",2,440,"Y",166,120,0,7,2006,"WD","Normal",110500
1801,50,"RL",60,10800,"Reg","Lvl","Inside","Gtl","NAmes","Artery","1Fam","1.5Fin",4,7,1949,1996,"Gable","CompShg","MetalSd","MetalSd","None","TA","TA","CBlock","TA","TA","No",0,"Unf",0,832,832,"TA","Y","FuseF",832,629,1461,0,2,0,4,"TA",6,"Typ",0,1949,"Unf",1,384,"Y",0,204,0,8,2009,"WD","Normal",197318.54715833
818,20,"RL",NA,13265,"IR1","Lvl","CulDSac","Gtl","Mitchel","Norm","1Fam","1Story",8,5,2002,2002,"Hip","CompShg","CemntBd","CmentBd","BrkFace","Gd","TA","PConc","Gd","TA","No",1218,"Unf",0,350,1568,"Ex","Y","SBrkr",1689,0,1689,1,2,0,3,"Gd",7,"Typ",2,2002,"RFn",3,857,"Y",150,59,0,7,2008,"WD","Normal",271000
2652,60,"RL",72,16387,"IR1","Lvl","Inside","Gtl","NridgHt","Norm","1Fam","2Story",9,5,2006,2006,"Hip","CompShg","VinylSd","VinylSd","Stone","Gd","TA","PConc","Ex","Gd","No",1369,"Unf",0,369,1738,"Gd","Y","SBrkr",1738,851,2589,1,2,1,4,"Ex",11,"Typ",1,2006,"RFn",3,831,"Y",0,0,0,8,2006,"New","Partial",211007.008292301
634,20,"RL",80,9250,"Reg","Lvl","Corner","Gtl","NAmes","Norm","1Fam","1Story",5,7,1954,2005,"Gable","CompShg","Wd Sdng","Wd Sdng","None","TA","TA","CBlock","TA","TA","No",480,"LwQ",468,108,1056,"TA","Y","SBrkr",1056,0,1056,0,1,0,3,"TA",6,"Typ",0,1954,"Unf",1,260,"Y",390,0,0,7,2007,"WD","Normal",139400
664,85,"RL",90,10012,"Reg","Lvl","Inside","Gtl","Edwards","Norm","1Fam","SFoyer",4,5,1972,1972,"Gable","CompShg","Plywood","Plywood","None","TA","TA","CBlock","Gd","TA","Av",920,"Rec",180,38,1138,"TA","Y","SBrkr",1181,0,1181,1,2,0,3,"TA",6,"Typ",0,1974,"RFn",2,588,"Y",0,0,0,4,2008,"WD","Normal",137500
719,60,"RL",96,10542,"Reg","Lvl","Inside","Gtl","NoRidge","Norm","1Fam","2Story",7,5,1993,1994,"Hip","CompShg","Wd Sdng","ImStucc","BrkFace","Gd","TA","PConc","Gd","TA","Gd",1173,"Unf",0,138,1311,"Ex","Y","SBrkr",1325,1093,2418,1,2,1,3,"Gd",9,"Typ",1,1993,"RFn",3,983,"Y",250,154,0,8,2008,"WD","Normal",341000
2720,20,"RL",78,10140,"Reg","Lvl","Inside","Gtl","NWAmes","RRAn","1Fam","1Story",7,6,1967,1967,"Hip","CompShg","HdBoard","HdBoard","BrkFace","TA","TA","CBlock","TA","TA","No",553,"LwQ",68,713,1334,"Gd","Y","SBrkr",1334,0,1334,1,2,0,3,"TA",7,"Typ",0,1967,"RFn",2,477,"Y",0,20,0,4,2006,"WD","Normal",181017.222455218
2277,60,"RL",80,8000,"Reg","Lvl","Inside","Gtl","NWAmes","PosN","1Fam","2Story",6,6,1974,1974,"Gable","CompShg","HdBoard","HdBoard","None","TA","TA","CBlock","TA","TA","No",931,"LwQ",153,0,1084,"TA","Y","SBrkr",1084,793,1877,1,2,1,4,"TA",8,"Typ",1,1974,"Unf",2,488,"Y",0,96,0,11,2007,"WD","Normal",196918.071362067
423,20,"RL",100,21750,"Reg","HLS","Inside","Mod","Mitchel","Artery","1Fam","1Story",5,5,1954,1954,"Hip","CompShg","HdBoard","HdBoard","None","TA","TA","CBlock","TA","TA","No",0,"Unf",0,988,988,"Ex","Y","FuseA",988,0,988,0,1,0,2,"TA",4,"Typ",0,1954,"RFn",2,520,"N",0,0,0,2,2008,"WD","Normal",113000
421,90,"RM",78,7060,"Reg","Lvl","Inside","Gtl","Mitchel","Norm","Duplex","SFoyer",7,5,1997,1998,"Gable","CompShg","VinylSd","VinylSd","BrkFace","TA","Gd","PConc","Gd","Gd","Gd",1309,"Unf",0,35,1344,"Ex","Y","SBrkr",1344,0,1344,2,2,0,2,"TA",8,"Typ",0,1997,"Fin",4,784,"Y",0,0,0,11,2008,"WD","Alloca",206300
989,60,"RL",NA,12046,"IR1","Lvl","Inside","Gtl","NWAmes","Norm","1Fam","2Story",6,6,1976,1976,"Gable","CompShg","Plywood","Plywood","BrkFace","TA","TA","CBlock","TA","TA","No",156,"Unf",0,692,848,"TA","Y","SBrkr",1118,912,2030,0,2,1,4,"Gd",8,"Typ",1,1976,"Fin",2,551,"Y",0,224,0,6,2007,"WD","Normal",195000
140,60,"RL",65,15426,"IR1","Lvl","Inside","Gtl","CollgCr","Norm","1Fam","2Story",6,5,1997,1997,"Gable","CompShg","VinylSd","VinylSd","None","TA","TA","PConc","Gd","TA","No",821,"Unf",0,107,928,"Ex","Y","SBrkr",928,836,1764,1,2,1,3,"Gd",7,"Typ",0,1997,"RFn",2,470,"Y",276,99,0,8,2009,"WD","Normal",231500
126,190,"RM",60,6780,"Reg","Lvl","Inside","Gtl","IDOTRR","Norm","2fmCon","1.5Fin",6,8,1935,1982,"Gable","CompShg","Wd Sdng","Wd Sdng","None","TA","Fa","CBlock","TA","TA","Av",490,"Unf",0,30,520,"Gd","N","SBrkr",520,0,754,1,1,0,2,"TA",5,"Typ",0,NA,NA,0,0,"N",53,0,0,6,2006,"WD","Normal",84500
998,20,"RL",NA,11717,"IR1","Lvl","Inside","Gtl","NWAmes","PosA","1Fam","1Story",6,6,1970,1970,"Hip","CompShg","HdBoard","HdBoard","BrkFace","TA","TA","CBlock","TA","TA","No",0,"Unf",0,1442,1442,"TA","Y","SBrkr",1442,0,1442,0,2,0,2,"TA",6,"Typ",1,1970,"RFn",2,615,"Y",371,0,0,2,2009,"WD","Normal",185000
2755,50,"RL",50,7500,"Reg","Lvl","Inside","Gtl","NAmes","Norm","1Fam","1.5Fin",6,6,1947,1950,"Gable","CompShg","VinylSd","VinylSd","None","TA","TA","CBlock","TA","TA","No",0,"Unf",0,784,784,"Ex","Y","FuseA",900,412,1312,0,1,1,3,"TA",6,"Typ",0,1953,"Unf",2,649,"Y",0,28,0,10,2006,"WD","Normal",182450.956536015
2319,60,"RL",64,7713,"Reg","Lvl","Inside","Gtl","Gilbert","Norm","1Fam","2Story",7,5,2007,2007,"Gable","CompShg","VinylSd","VinylSd","Stone","Gd","TA","PConc","Gd","TA","No",0,"Unf",0,728,728,"Ex","Y","SBrkr",728,728,1456,0,2,1,3,"Gd",7,"Typ",0,2007,"Fin",2,400,"Y",100,24,0,7,2007,"New","Partial",178657.794083741
1154,30,"RM",NA,5890,"Reg","Lvl","Corner","Gtl","IDOTRR","Norm","1Fam","1Story",6,8,1930,2007,"Gable","CompShg","Wd Sdng","Wd Sdng","None","Gd","Gd","BrkTil","TA","TA","Av",538,"Unf",0,278,816,"Ex","Y","SBrkr",816,0,816,0,1,0,2,"TA",5,"Typ",0,2002,"Unf",1,432,"Y",0,0,0,6,2008,"WD","Normal",120500
2625,160,"RL",68,13108,"IR1","Lvl","Inside","Gtl","StoneBr","Norm","1Fam","2Story",8,5,1994,1994,"Gable","CompShg","CemntBd","CmentBd","None","Gd","TA","PConc","Gd","TA","No",0,"Unf",0,2062,2062,"Ex","Y","SBrkr",2079,608,2687,0,2,1,4,"Gd",9,"Typ",0,1994,"Fin",2,618,"Y",168,12,0,12,2006,"WD","Normal",208973.380761028
1536,50,"RM",NA,8239,"Reg","Lvl","Inside","Gtl","OldTown","Artery","1Fam","1.5Fin",5,6,1920,1962,"Gable","CompShg","MetalSd","MetalSd","None","TA","TA","BrkTil","TA","TA","No",176,"Unf",0,832,1008,"TA","Y","SBrkr",1060,185,1245,0,1,0,3,"TA",6,"Typ",0,1962,"Unf",1,315,"Y",0,0,0,3,2010,"WD","Normal",172580.381161499
504,20,"RL",100,15602,"IR1","Lvl","Inside","Gtl","Crawfor","Norm","1Fam","1Story",7,8,1959,1997,"Gable","CompShg","BrkFace","Wd Sdng","None","TA","TA","CBlock","TA","TA","No",1247,"Unf",0,254,1501,"TA","Y","SBrkr",1801,0,1801,1,2,0,1,"TA",6,"Typ",2,1959,"Fin",2,484,"Y",0,54,0,3,2010,"WD","Normal",289000
1481,60,"RL",105,13650,"Reg","Lvl","Corner","Gtl","NridgHt","Norm","1Fam","2Story",8,5,2002,2002,"Gable","CompShg","VinylSd","VinylSd","BrkFace","Gd","TA","PConc","Gd","TA","Gd",578,"Unf",0,1093,1671,"Ex","Y","SBrkr",1687,563,2250,1,2,1,3,"Gd",7,"Typ",1,2002,"Fin",3,756,"Y",238,130,0,6,2010,"WD","Normal",186544.114327568
358,120,"RM",44,4224,"Reg","Lvl","Inside","Gtl","MeadowV","Norm","TwnhsE","1Story",5,5,1976,1976,"Gable","CompShg","CemntBd","CmentBd","None","TA","TA","PConc","Gd","TA","No",874,"Unf",0,268,1142,"TA","Y","SBrkr",1142,0,1142,1,1,1,3,"TA",6,"Typ",1,1976,"Fin",2,528,"Y",536,90,0,8,2007,"WD","Normal",134000
785,75,"RM",35,6300,"Reg","Lvl","Inside","Gtl","OldTown","Norm","1Fam","2.5Unf",6,6,1914,2001,"Gable","CompShg","Wd Sdng","Wd Shng","None","TA","TA","CBlock","TA","TA","No",0,"Unf",0,742,742,"Ex","Y","SBrkr",742,742,1484,0,2,0,3,"TA",9,"Typ",1,NA,NA,0,0,"Y",0,291,0,6,2008,"WD","Normal",128000
2175,60,"RL",NA,9720,"IR1","Lvl","CulDSac","Gtl","CollgCr","Norm","1Fam","2Story",9,5,2001,2002,"Gable","CompShg","VinylSd","VinylSd","BrkFace","Gd","TA","PConc","Gd","TA","Mn",1194,"Unf",0,163,1357,"Ex","Y","SBrkr",1366,581,1947,1,2,1,3,"Gd",7,"Typ",1,2001,"Fin",3,725,"Y",168,116,0,1,2008,"WD","Normal",175080.614768394
2693,20,"RL",91,11024,"IR1","Lvl","Corner","Gtl","SawyerW","Norm","1Fam","1Story",7,5,2005,2006,"Gable","CompShg","VinylSd","VinylSd","BrkFace","Gd","TA","PConc","Gd","TA","Av",0,"Unf",0,1400,1400,"Ex","Y","SBrkr",1400,0,1400,0,2,0,3,"Gd",6,"Typ",0,2005,"RFn",2,612,"Y",144,55,0,10,2006,"New","Partial",189386.323677132
1572,20,"RL",75,9525,"Reg","Lvl","Inside","Gtl","Edwards","Norm","1Fam","1Story",5,7,1954,1998,"Gable","CompShg","WdShing","Wd Shng","None","TA","TA","CBlock","TA","TA","Av",954,"Unf",0,218,1172,"TA","Y","SBrkr",1172,0,1172,1,1,0,3,"TA",5,"Typ",0,1954,"Fin",1,366,"Y",240,0,0,6,2010,"WD","Normal",178425.956138831
305,75,"RM",87,18386,"Reg","Lvl","Inside","Gtl","OldTown","Norm","1Fam","2.5Fin",7,9,1880,2002,"Gable","CompShg","CemntBd","CmentBd","None","TA","TA","BrkTil","TA","TA","No",0,"Unf",0,1470,1470,"Ex","Y","SBrkr",1675,1818,3493,0,3,0,3,"Gd",10,"Typ",1,2003,"Unf",3,870,"Y",302,0,0,5,2008,"WD","Normal",295000
1833,70,"RM",57,6876,"Reg","Lvl","Inside","Gtl","IDOTRR","Norm","1Fam","2Story",6,5,1927,1950,"Gable","CompShg","Plywood","Plywood","None","TA","TA","CBlock","TA","Fa","No",522,"Unf",0,198,720,"Fa","Y","SBrkr",1146,784,1930,1,2,0,4,"TA",8,"Typ",0,1927,"Unf",1,316,"Y",0,0,0,8,2009,"WD","Normal",189595.964677698
2461,50,"RM",52,6240,"Reg","Lvl","Inside","Gtl","BrkSide","Norm","1Fam","1.5Fin",5,8,1939,1952,"Gable","CompShg","Wd Sdng","Wd Sdng","None","TA","Gd","BrkTil","TA","TA","No",48,"Unf",0,624,672,"Ex","Y","SBrkr",899,423,1322,1,1,0,4,"TA",7,"Typ",0,1939,"Unf",1,280,"Y",0,0,0,7,2007,"WD","Normal",189034.753653813
981,85,"RL",NA,12122,"IR1","Lvl","Corner","Gtl","NAmes","Norm","1Fam","SFoyer",7,9,1961,2007,"Gable","CompShg","CemntBd","CmentBd","Stone","Ex","TA","CBlock","TA","TA","Av",867,"Unf",0,77,944,"Gd","Y","SBrkr",999,0,999,1,1,0,3,"Ex",6,"Typ",0,1961,"RFn",2,588,"Y",144,76,0,7,2008,"WD","Normal",178400
2624,60,"RL",42,13751,"IR1","HLS","CulDSac","Gtl","Gilbert","Norm","1Fam","2Story",7,5,2005,2006,"Gable","CompShg","VinylSd","VinylSd","BrkFace","Gd","TA","PConc","Gd","TA","Av",60,"Unf",0,1640,1700,"Ex","Y","SBrkr",1700,512,2212,1,2,1,3,"Gd",9,"Typ",1,2006,"Fin",3,773,"Y",237,38,0,5,2006,"New","Partial",189228.701486278
129,60,"RL",69,7590,"Reg","Lvl","Inside","Gtl","NAmes","PosN","1Fam","2Story",6,5,1966,1966,"Gable","CompShg","VinylSd","VinylSd","BrkFace","TA","TA","CBlock","TA","TA","No",512,"Unf",0,148,660,"TA","Y","SBrkr",660,688,1348,0,1,1,3,"TA",6,"Typ",1,1966,"RFn",2,453,"Y",188,108,0,7,2006,"WD","Normal",155000
309,30,"RL",NA,12342,"IR1","Lvl","Inside","Gtl","Edwards","Norm","1Fam","1Story",4,5,1940,1950,"Gable","CompShg","VinylSd","VinylSd","None","TA","TA","CBlock","TA","TA","No",262,"Unf",0,599,861,"Ex","Y","SBrkr",861,0,861,0,1,0,1,"TA",4,"Typ",0,1961,"Unf",2,539,"Y",158,0,0,3,2009,"WD","Normal",82500
441,20,"RL",105,15431,"Reg","Lvl","Inside","Gtl","NridgHt","Norm","1Fam","1Story",10,5,2008,2008,"Hip","CompShg","VinylSd","VinylSd","Stone","Ex","TA","PConc","Ex","TA","Gd",1767,"ALQ",539,788,3094,"Ex","Y","SBrkr",2402,0,2402,1,2,0,2,"Ex",10,"Typ",2,2008,"Fin",3,672,"Y",0,72,0,4,2009,"WD","Normal",555000
2721,20,"RL",80,9600,"Reg","Lvl","Corner","Gtl","NAmes","Feedr","1Fam","1Story",5,5,1968,1968,"Gable","CompShg","MetalSd","MetalSd","None","TA","TA","CBlock","TA","TA","No",758,"Unf",0,293,1051,"Gd","Y","SBrkr",1051,0,1051,1,1,0,3,"TA",6,"Typ",0,1968,"RFn",2,504,"Y",0,0,0,7,2006,"WD","Normal",183269.159407668
470,60,"RL",76,9291,"IR1","Lvl","Corner","Gtl","SawyerW","RRNe","1Fam","2Story",6,5,1993,1993,"Gable","CompShg","HdBoard","HdBoard","BrkFace","Gd","TA","PConc","Gd","TA","No",426,"Unf",0,406,832,"Ex","Y","SBrkr",832,878,1710,0,2,1,3,"Gd",7,"Typ",0,1993,"RFn",2,506,"Y",144,70,0,6,2008,"WD","Normal",187000
2610,85,"RL",50,6723,"Reg","Lvl","Inside","Gtl","Mitchel","Norm","1Fam","SFoyer",5,7,1971,1971,"Gable","CompShg","Wd Sdng","HdBoard","None","TA","TA","CBlock","Gd","TA","Av",796,"Unf",0,0,796,"TA","Y","SBrkr",796,0,796,0,1,0,2,"TA",5,"Typ",0,NA,NA,0,0,"Y",129,0,0,9,2007,"WD","Normal",165643.341167808
1360,20,"RL",129,16737,"Reg","Lvl","FR3","Gtl","NridgHt","Norm","1Fam","1Story",9,5,2004,2005,"Hip","CompShg","VinylSd","VinylSd","BrkFace","Gd","TA","PConc","Ex","TA","Av",1447,"Unf",0,533,1980,"Ex","Y","SBrkr",1980,0,1980,1,2,0,3,"Ex",8,"Typ",1,2004,"Fin",3,770,"Y",194,45,0,9,2006,"WD","Normal",315000
1822,70,"RM",60,9720,"Reg","Lvl","Inside","Gtl","OldTown","Norm","1Fam","2Story",6,7,1910,2002,"Gable","CompShg","MetalSd","MetalSd","None","TA","TA","PConc","TA","TA","No",0,"Unf",0,741,741,"Ex","Y","SBrkr",780,741,1521,0,1,0,4,"Gd",8,"Typ",0,1950,"Unf",3,640,"Y",0,0,0,9,2009,"WD","Normal",196297.95829524
1790,30,"RL",60,10800,"Reg","Lvl","Corner","Gtl","OldTown","Norm","1Fam","1Story",3,5,1890,1998,"Gable","CompShg","VinylSd","VinylSd","None","TA","TA","BrkTil","TA","TA","No",0,"Unf",0,630,630,"TA","Y","FuseA",725,0,725,0,1,1,1,"TA",4,"Typ",0,1959,"Unf",1,320,"Y",0,30,0,11,2009,"WD","Normal",160805.584645628
349,160,"RL",36,2448,"Reg","Lvl","Inside","Gtl","NridgHt","Norm","Twnhs","2Story",7,5,2003,2004,"Gable","CompShg","VinylSd","Wd Shng","Stone","Gd","TA","PConc","Gd","TA","No",573,"Unf",0,191,764,"Ex","Y","SBrkr",764,862,1626,1,2,1,2,"Gd",6,"Typ",0,2003,"RFn",2,474,"Y",0,27,0,10,2008,"WD","Normal",154000
894,20,"RL",NA,13284,"Reg","Lvl","Inside","Gtl","Sawyer","PosN","1Fam","1Story",5,5,1954,1954,"Gable","CompShg","Wd Sdng","Plywood","None","TA","TA","PConc","Gd","TA","Mn",1064,"Unf",0,319,1383,"TA","Y","SBrkr",1383,0,1383,1,1,0,3,"TA",6,"Typ",1,1954,"Unf",1,354,"Y",511,116,0,6,2008,"WD","Normal",165000
590,40,"RM",50,9100,"Reg","Lvl","Inside","Gtl","BrkSide","RRAn","1Fam","1Story",5,6,1930,1960,"Gable","CompShg","VinylSd","VinylSd","None","TA","TA","BrkTil","TA","TA","No",0,"Unf",0,742,742,"TA","Y","FuseA",779,0,935,0,1,0,2,"TA",4,"Typ",0,1988,"Unf",1,308,"P",0,0,0,8,2008,"WD","Normal",79500
1956,60,"RL",NA,12511,"IR1","Lvl","Corner","Gtl","NWAmes","Norm","1Fam","2Story",7,7,1978,1978,"Mansard","WdShake","Plywood","Plywood","BrkFace","Gd","TA","PConc","Gd","TA","No",988,"Unf",0,432,1420,"Ex","Y","SBrkr",1420,1420,2840,0,2,1,4,"Gd",8,"Min2",2,1978,"Fin",4,1314,"Y",0,16,0,12,2008,"WD","Normal",206003.107947263
474,20,"RL",110,14977,"IR1","Lvl","Inside","Gtl","NridgHt","Norm","1Fam","1Story",8,5,2006,2007,"Gable","CompShg","VinylSd","VinylSd","BrkFace","Gd","TA","PConc","Ex","TA","Gd",1350,"Unf",0,626,1976,"Ex","Y","SBrkr",1976,0,1976,1,2,0,2,"Gd",7,"Typ",1,2006,"RFn",3,908,"Y",250,63,0,7,2007,"New","Partial",440000
2216,50,"RM",75,9000,"Reg","Lvl","Inside","Gtl","IDOTRR","Norm","1Fam","1.5Fin",5,5,1958,1958,"Gable","CompShg","WdShing","Wd Shng","BrkFace","TA","TA","CBlock","TA","TA","No",330,"Unf",0,821,1151,"Gd","Y","FuseA",1151,804,1955,0,2,0,4,"TA",7,"Typ",0,1958,"Fin",1,356,"Y",0,0,0,1,2008,"WD","Normal",186939.507215101
2549,60,"RL",60,7023,"Reg","Lvl","Inside","Gtl","Edwards","Norm","1Fam","2Story",5,5,2005,2006,"Gable","CompShg","VinylSd","VinylSd","None","TA","TA","PConc","Gd","Gd","No",611,"Unf",0,123,734,"Gd","Y","SBrkr",734,674,1408,1,2,1,3,"TA",6,"Typ",0,2005,"Fin",2,489,"Y",0,85,0,5,2007,"WD","Normal",175090.062515883
2744,20,"RL",72,10152,"Reg","Lvl","Inside","Gtl","NAmes","Norm","1Fam","1Story",6,6,1956,1994,"Gable","CompShg","Wd Sdng","Wd Sdng","None","TA","TA","CBlock","TA","TA","Av",914,"Unf",0,210,1124,"Ex","Y","SBrkr",1124,0,1124,1,1,0,3,"TA",6,"Typ",1,1956,"Fin",1,353,"Y",0,211,0,5,2006,"WD","Normal",182145.731469001
952,20,"RH",60,7800,"Reg","Lvl","Corner","Gtl","SawyerW","Norm","1Fam","1Story",5,5,1965,1965,"Gable","CompShg","VinylSd","VinylSd","None","TA","TA","CBlock","TA","TA","No",641,"Unf",0,187,828,"Gd","Y","SBrkr",965,0,965,1,1,0,3,"TA",6,"Typ",0,1979,"Unf",1,300,"Y",421,0,0,7,2006,"WD","Abnorml",119900
455,90,"RL",63,9297,"Reg","Lvl","Inside","Gtl","Mitchel","Norm","Duplex","1Story",5,5,1976,1976,"Gable","CompShg","Plywood","Plywood","None","TA","TA","CBlock","TA","TA","No",1606,"Unf",0,122,1728,"TA","Y","SBrkr",1728,0,1728,2,2,0,4,"TA",8,"Typ",0,1976,"Unf",2,560,"Y",0,0,0,7,2006,"WD","Family",188000
2404,85,"RL",NA,10050,"IR1","Lvl","Inside","Gtl","NAmes","Norm","1Fam","SFoyer",5,6,1966,1966,"Gable","CompShg","HdBoard","HdBoard","BrkFace","TA","TA","CBlock","TA","TA","Av",602,"Unf",0,191,793,"Ex","Y","SBrkr",1280,0,1280,0,2,0,3,"TA",6,"Typ",1,1966,"Fin",2,432,"Y",140,40,0,6,2007,"WD","Normal",182152.207151253
2121,20,"RM",99,5940,"IR1","Lvl","FR3","Gtl","BrkSide","Feedr","1Fam","1Story",4,7,1946,1950,"Gable","CompShg","MetalSd","CBlock","None","TA","TA","PConc",NA,NA,NA,NA,NA,NA,NA,NA,"TA","Y","FuseA",896,0,896,NA,1,0,2,"TA",4,"Typ",0,1946,"Unf",1,280,"Y",0,0,0,4,2008,"ConLD","Abnorml",157680.227412949
1577,20,"RL",64,7360,"Reg","Lvl","Inside","Gtl","CollgCr","Norm","1Fam","1Story",7,5,2010,2010,"Gable","CompShg","VinylSd","VinylSd","Stone","Gd","TA","PConc","Gd","TA","No",24,"Unf",0,1198,1222,"Ex","Y","SBrkr",1222,0,1222,0,2,0,2,"Gd",6,"Typ",0,2009,"RFn",2,615,"Y",0,54,0,3,2010,"WD","Normal",157574.595395085
15,20,"RL",NA,10920,"IR1","Lvl","Corner","Gtl","NAmes","Norm","1Fam","1Story",6,5,1960,1960,"Hip","CompShg","MetalSd","MetalSd","BrkFace","TA","TA","CBlock","TA","TA","No",733,"Unf",0,520,1253,"TA","Y","SBrkr",1253,0,1253,1,1,1,2,"TA",5,"Typ",1,1960,"RFn",1,352,"Y",0,213,0,5,2008,"WD","Normal",157000
62,75,"RM",60,7200,"Reg","Lvl","Inside","Gtl","IDOTRR","Norm","1Fam","2.5Unf",5,7,1920,1996,"Gable","CompShg","MetalSd","MetalSd","None","TA","TA","BrkTil","TA","Fa","No",0,"Unf",0,530,530,"TA","N","SBrkr",581,530,1111,0,1,0,3,"Fa",6,"Typ",0,1935,"Unf",1,288,"N",0,0,0,3,2007,"WD","Normal",101000
390,60,"RL",96,12474,"Reg","Lvl","Inside","Gtl","NridgHt","Norm","1Fam","2Story",10,5,2007,2008,"Gable","CompShg","VinylSd","VinylSd","Stone","Ex","TA","PConc","Ex","TA","Av",1280,"Unf",0,402,1682,"Ex","Y","SBrkr",1742,590,2332,1,2,1,3,"Ex",9,"Typ",1,2008,"Fin",3,846,"Y",196,134,0,8,2008,"New","Partial",426000
1668,20,"RL",87,10367,"IR1","Lvl","Inside","Gtl","NridgHt","Norm","1Fam","1Story",9,5,2008,2008,"Hip","CompShg","VinylSd","VinylSd","Stone","Ex","TA","PConc","Ex","TA","Mn",1015,"Unf",0,724,1739,"Ex","Y","SBrkr",1743,0,1743,1,2,0,3,"Ex",8,"Typ",1,2008,"RFn",3,927,"Y",168,45,0,6,2009,"ConLI","Normal",180980.721388278
1059,60,"RL",96,11308,"IR1","Lvl","Inside","Gtl","NridgHt","Norm","1Fam","2Story",9,5,2008,2008,"Gable","CompShg","VinylSd","VinylSd","Stone","Ex","TA","PConc","Ex","TA","Av",936,"Unf",0,168,1104,"Ex","Y","SBrkr",1130,1054,2184,1,2,1,3,"Ex",10,"Typ",1,2008,"Fin",3,836,"Y",0,102,0,7,2009,"WD","Normal",335000
381,50,"RL",50,5000,"Reg","Lvl","Inside","Gtl","SWISU","Norm","1Fam","1.5Fin",5,6,1924,1950,"Gable","CompShg","BrkFace","Wd Sdng","None","TA","TA","BrkTil","TA","TA","No",218,"Unf",0,808,1026,"TA","Y","SBrkr",1026,665,1691,0,2,0,3,"Gd",6,"Typ",1,1924,"Unf",1,308,"Y",0,0,0,5,2010,"WD","Normal",127000
1891,180,"RM",35,3675,"Reg","Lvl","Inside","Gtl","Edwards","Norm","TwnhsE","SFoyer",6,5,2005,2006,"Gable","CompShg","VinylSd","VinylSd","BrkFace","TA","TA","Wood","Gd","TA","Gd",547,"Unf",0,0,547,"Gd","Y","SBrkr",1072,0,1072,1,1,0,2,"TA",5,"Typ",0,2005,"Fin",2,525,"Y",0,28,0,4,2009,"WD","Normal",152324.943593181
2125,70,"RM",51,6120,"Reg","Lvl","Inside","Gtl","OldTown","Artery","1Fam","2Story",5,5,1923,1950,"Gambrel","CompShg","Wd Sdng","Wd Sdng","None","TA","TA","BrkTil","TA","TA","No",203,"Unf",0,897,1100,"TA","Y","SBrkr",1226,676,1902,0,2,0,4,"TA",7,"Typ",0,1960,"Unf",2,576,"Y",0,139,0,10,2008,"WD","Normal",191215.589752983
2901,20,"RL",NA,50102,"IR1","Low","Inside","Mod","Timber","Norm","1Fam","1Story",6,5,1958,1958,"Gable","Tar&Grv","Plywood","Plywood","None","TA","TA","CBlock","Gd","TA","Gd",909,"Unf",0,723,1632,"TA","Y","SBrkr",1650,0,1650,1,1,0,2,"TA",6,"Typ",2,1958,"Unf",2,518,"Y",0,0,0,3,2006,"WD","Alloca",245283.198337927
1351,90,"RL",91,11643,"Reg","Lvl","Inside","Gtl","NAmes","Artery","Duplex","2Story",5,5,1969,1969,"Gable","CompShg","MetalSd","MetalSd","BrkFace","TA","TA","CBlock","TA","TA","No",500,"Unf",0,748,1248,"TA","Y","SBrkr",1338,1296,2634,1,2,2,6,"TA",12,"Typ",0,1969,"Unf",4,968,"Y",0,0,0,8,2009,"WD","Normal",2e+05
2079,50,"RL",60,8064,"Reg","Lvl","Inside","Gtl","NAmes","Artery","1Fam","1.5Fin",6,6,1948,1950,"Gable","CompShg","Wd Sdng","Wd Sdng","None","TA","TA","CBlock","TA","TA","No",315,"Unf",0,453,768,"Ex","Y","SBrkr",819,501,1320,0,2,0,3,"TA",5,"Typ",0,1994,"Unf",2,576,"Y",108,0,0,9,2008,"WD","Normal",180660.683691591
2597,20,"RL",NA,7777,"IR1","Lvl","Inside","Gtl","Timber","Norm","1Fam","1Story",6,5,1996,1996,"Gable","CompShg","VinylSd","VinylSd","BrkFace","Gd","TA","PConc","Ex","TA","No",0,"Unf",0,1491,1491,"Ex","Y","SBrkr",1491,0,1491,0,2,0,3,"TA",7,"Typ",1,1996,"Fin",2,571,"Y",0,35,0,11,2007,"WD","Normal",183203.318752456
2012,20,"RL",81,9260,"Reg","Lvl","Corner","Gtl","SawyerW","Norm","1Fam","1Story",7,5,2007,2007,"Gable","CompShg","VinylSd","VinylSd","None","Gd","TA","PConc","Gd","TA","Mn",0,"Unf",0,1162,1162,"Ex","Y","SBrkr",1162,0,1162,0,2,0,3,"Gd",6,"Typ",0,2007,"Fin",2,483,"Y",0,32,0,3,2008,"WD","Normal",176385.102235149
1052,20,"RL",103,11175,"IR1","Lvl","Corner","Gtl","CollgCr","Norm","1Fam","1Story",7,5,2007,2007,"Gable","CompShg","VinylSd","VinylSd","None","Gd","TA","PConc","Gd","TA","Av",0,"Unf",0,1316,1316,"Ex","Y","SBrkr",1316,0,1316,0,2,0,3,"Gd",6,"Typ",1,2007,"Fin",2,440,"Y",0,20,0,10,2007,"New","Partial",200141
2110,30,"RL",55,7111,"IR1","Bnk","Inside","Gtl","BrkSide","Norm","1Fam","1Story",5,7,1928,1983,"Gable","CompShg","WdShing","Wd Shng","None","Gd","Gd","BrkTil","TA","TA","No",406,"BLQ",273,329,1008,"TA","Y","SBrkr",1143,0,1143,0,1,0,2,"TA",5,"Typ",1,1992,"Unf",1,288,"Y",265,0,0,7,2008,"WD","Normal",163299.477980171
1172,20,"RL",76,9120,"Reg","Lvl","Inside","Gtl","NAmes","Norm","1Fam","1Story",6,6,1958,1958,"Hip","CompShg","MetalSd","MetalSd","None","TA","TA","CBlock","TA","TA","No",662,"Unf",0,599,1261,"Ex","Y","SBrkr",1261,0,1261,1,1,0,3,"TA",6,"Typ",1,1958,"RFn",2,433,"Y",0,0,0,11,2008,"WD","Normal",163000
797,20,"RL",71,8197,"Reg","Lvl","Inside","Gtl","Sawyer","Norm","1Fam","1Story",6,5,1977,1977,"Gable","CompShg","Plywood","Plywood","BrkFace","TA","TA","CBlock","TA","TA","No",0,"Unf",0,660,660,"Ex","Y","SBrkr",1285,0,1285,0,1,1,3,"TA",7,"Typ",1,1977,"RFn",2,528,"Y",138,0,0,4,2007,"WD","Normal",143500
1596,50,"RL",78,10452,"IR1","Lvl","Inside","Gtl","Crawfor","Norm","1Fam","1.5Fin",7,6,1941,1985,"Gable","CompShg","Wd Sdng","Wd Sdng","BrkFace","Gd","Gd","BrkTil","Gd","TA","No",426,"BLQ",252,850,1528,"Ex","Y","SBrkr",1225,908,2133,1,1,1,4,"TA",8,"Typ",2,1941,"Unf",1,312,"Y",0,0,0,7,2010,"WD","Normal",194631.100299584
961,20,"RL",50,7207,"IR1","Lvl","Inside","Gtl","BrkSide","Norm","1Fam","1Story",5,7,1958,2008,"Gable","CompShg","Wd Sdng","Plywood","None","TA","Gd","CBlock","TA","TA","Gd",696,"Unf",0,162,858,"Gd","Y","SBrkr",858,0,858,1,1,0,2,"TA",4,"Typ",0,NA,NA,0,0,"Y",117,0,0,2,2010,"WD","Normal",116500
334,120,"RM",59,8198,"Reg","Lvl","FR3","Gtl","NridgHt","Norm","TwnhsE","1Story",7,5,2004,2004,"Gable","CompShg","VinylSd","VinylSd","Stone","Gd","TA","PConc","Gd","TA","Av",720,"Unf",0,638,1358,"Ex","Y","SBrkr",1358,0,1358,1,2,0,2,"Gd",6,"Typ",1,2004,"RFn",2,484,"Y",192,30,0,7,2008,"WD","Normal",207000
2869,50,"RL",62,8707,"Reg","Lvl","FR2","Gtl","Edwards","Feedr","1Fam","1.5Fin",4,5,1924,1950,"Gable","CompShg","Wd Sdng","Wd Sdng","None","TA","TA","BrkTil","TA","TA","No",0,"Unf",0,1093,1093,"TA","N","FuseF",1093,576,1669,0,1,1,4,"TA",9,"Min2",0,1924,"Unf",1,288,"Y",0,0,0,5,2006,"WD","AdjLand",192577.796112839
1292,160,"RM",21,1680,"Reg","Lvl","Inside","Gtl","BrDale","Norm","Twnhs","2Story",5,7,1972,1972,"Gable","CompShg","CemntBd","CmentBd","BrkFace","TA","TA","CBlock","TA","TA","No",231,"Unf",0,399,630,"TA","Y","SBrkr",630,672,1302,0,2,1,3,"TA",6,"Typ",0,1972,"Unf",1,264,"Y",185,0,0,2,2009,"WD","Normal",119500
2141,85,"RL",NA,7703,"IR1","Lvl","CulDSac","Gtl","Sawyer","Norm","1Fam","SFoyer",6,8,1978,1978,"Gable","CompShg","HdBoard","HdBoard","BrkCmn","TA","TA","CBlock","Gd","TA","Gd",450,"Unf",0,0,450,"Ex","Y","SBrkr",1034,0,1034,0,1,0,3,"TA",6,"Typ",1,1978,"Fin",2,504,"Y",311,0,0,5,2008,"WD","Normal",175530.651633287
610,20,"RL",61,7943,"Reg","Lvl","Inside","Gtl","Sawyer","Feedr","1Fam","1Story",4,5,1961,1961,"Gable","CompShg","VinylSd","VinylSd","BrkCmn","TA","Fa","CBlock","TA","TA","Mn",903,"Unf",0,126,1029,"Gd","Y","SBrkr",1029,0,1029,1,1,0,3,"TA",5,"Typ",0,1961,"Unf",1,261,"Y",64,0,0,4,2007,"WD","Normal",118500
1265,120,"RH",34,4060,"Reg","Lvl","Inside","Gtl","NAmes","Norm","TwnhsE","1Story",6,5,1998,1999,"Gable","CompShg","MetalSd","MetalSd","None","Gd","TA","PConc","Gd","TA","No",266,"Unf",0,1139,1405,"Ex","Y","SBrkr",1337,0,1337,1,2,0,2,"Gd",5,"Typ",0,1998,"Fin",2,511,"Y",144,68,0,8,2008,"COD","Abnorml",181000
2081,50,"RL",60,7200,"Reg","Lvl","Inside","Gtl","NAmes","Norm","1Fam","1.5Fin",6,5,1954,1954,"Gable","CompShg","MetalSd","MetalSd","None","TA","TA","CBlock","TA","TA","No",673,"Unf",0,181,854,"Fa","Y","FuseA",854,424,1278,0,1,0,4,"TA",6,"Typ",0,1954,"Unf",1,240,"Y",0,0,0,4,2008,"WD","Normal",186711.715848082
2485,20,"RL",NA,8169,"Reg","Lvl","Corner","Gtl","Sawyer","Feedr","1Fam","1Story",5,7,1966,1966,"Gable","CompShg","Plywood","Plywood","None","TA","Gd","CBlock","TA","TA","No",216,"ALQ",435,261,912,"Ex","Y","SBrkr",912,0,912,1,1,0,3,"Gd",6,"Typ",0,1966,"Unf",1,315,"Y",204,0,0,7,2007,"WD","Normal",179555.219570787
2797,50,"RM",90,33120,"IR3","Lvl","Inside","Gtl","OldTown","RRAn","1Fam","1.5Fin",6,5,1962,1962,"Gable","CompShg","BrkFace","Wd Sdng","None","TA","TA","CBlock","TA","TA","No",0,"Unf",0,1595,1595,"TA","Y","SBrkr",1611,875,2486,0,2,0,5,"TA",8,"Typ",1,1962,"Unf",2,576,"Y",0,0,0,10,2006,"WD","Normal",259423.859147546
2265,190,"RL",195,41600,"IR1","Lvl","FR2","Gtl","Gilbert","Norm","2fmCon","1Story",5,5,1969,1990,"Gable","CompShg","HdBoard","HdBoard","None","TA","TA","CBlock","Gd","TA","Gd",1047,"Unf",0,53,1100,"TA","Y","SBrkr",1424,0,1424,1,1,1,3,"TA",7,"Mod",0,1969,"Unf",3,828,"N",144,0,0,11,2007,"WD","Normal",249768.279823405
2156,60,"RL",NA,9771,"IR3","Lvl","Corner","Gtl","SawyerW","Norm","1Fam","2Story",6,5,1995,2002,"Gable","CompShg","HdBoard","HdBoard","BrkFace","Gd","TA","PConc","Gd","TA","No",779,"Unf",0,298,1077,"Ex","Y","SBrkr",1093,1721,2814,0,2,1,4,"Gd",9,"Typ",1,1995,"Fin",2,614,"Y",48,32,0,6,2008,"WD","Normal",193981.327550004
2738,90,"RL",NA,8917,"IR1","Lvl","Inside","Gtl","NAmes","Norm","Duplex","1Story",5,5,1967,1967,"Gable","CompShg","Plywood","Plywood","None","TA","TA","CBlock","TA","TA","No",0,"Unf",0,1584,1584,"TA","Y","SBrkr",1584,0,1584,0,2,0,4,"TA",8,"Typ",0,1967,"Unf",2,506,"Y",0,0,0,10,2006,"WD","Normal",198515.546934075
1294,60,"RL",78,10140,"Reg","Lvl","Inside","Gtl","NWAmes","Norm","1Fam","2Story",7,5,1976,1976,"Gable","CompShg","HdBoard","HdBoard","None","TA","TA","PConc","Gd","TA","No",194,"Unf",0,638,832,"TA","Y","SBrkr",832,832,1664,0,2,1,4,"TA",8,"Typ",1,1976,"RFn",2,528,"Y",0,28,0,3,2006,"WD","Normal",162900
2811,20,"RL",NA,9535,"IR1","Lvl","Inside","Gtl","Sawyer","Norm","1Fam","1Story",5,5,1967,1967,"Gable","CompShg","HdBoard","HdBoard","BrkFace","TA","TA","CBlock","TA","TA","No",194,"LwQ",982,0,1176,"TA","Y","SBrkr",1458,0,1458,1,1,1,3,"TA",7,"Typ",1,1967,"Unf",2,512,"Y",284,0,0,7,2006,"WD","Normal",183141.236914997
2257,60,"RL",60,7500,"Reg","Lvl","Inside","Gtl","Gilbert","Norm","1Fam","2Story",6,5,1999,2003,"Gable","CompShg","VinylSd","VinylSd","None","TA","TA","PConc","Gd","TA","No",0,"Unf",0,938,938,"Ex","Y","SBrkr",957,1342,2299,0,3,1,5,"TA",7,"Typ",1,1999,"Fin",2,482,"Y",188,30,0,8,2007,"WD","Normal",205895.254584712
1362,20,"RL",124,16158,"IR1","Low","Inside","Mod","StoneBr","Norm","1Fam","1Story",7,5,2005,2005,"Hip","CompShg","VinylSd","VinylSd","Stone","Gd","TA","PConc","Ex","TA","Av",1274,"Unf",0,256,1530,"Ex","Y","SBrkr",1530,0,1530,1,2,0,3,"Gd",7,"Typ",1,2005,"Fin",2,430,"Y",168,36,0,6,2009,"WD","Normal",260000
1633,80,"RL",57,8923,"IR1","Lvl","Inside","Gtl","Gilbert","Norm","1Fam","SLvl",7,5,1998,1998,"Gable","CompShg","VinylSd","VinylSd","None","Gd","TA","PConc","Gd","TA","No",189,"Unf",0,195,384,"Gd","Y","SBrkr",751,631,1382,0,2,1,3,"TA",7,"Typ",1,1998,"Fin",2,396,"Y",256,0,0,2,2009,"WD","Normal",173719.30379824
1760,20,"RL",85,9350,"Reg","Lvl","Inside","Gtl","NAmes","Norm","1Fam","1Story",5,6,1961,1995,"Gable","CompShg","Wd Sdng","Wd Sdng","BrkFace","TA","TA","CBlock","TA","TA","No",310,"BLQ",512,491,1313,"TA","Y","SBrkr",1313,0,1313,1,1,1,3,"Gd",6,"Typ",1,1961,"RFn",2,610,"Y",172,28,0,2,2009,"WD","Normal",174559.656173171
1608,20,"RL",88,11896,"IR1","Lvl","Corner","Gtl","Timber","Norm","1Fam","1Story",7,5,2008,2008,"Gable","CompShg","VinylSd","VinylSd","Stone","Gd","TA","PConc","Gd","TA","No",78,"Unf",0,1258,1336,"Ex","Y","SBrkr",1346,0,1346,1,2,0,3,"Gd",6,"Typ",1,2008,"Fin",3,660,"Y",100,48,0,5,2010,"WD","Normal",181987.282510201
2778,70,"RM",66,3960,"Reg","Lvl","Inside","Gtl","OldTown","Norm","1Fam","2Story",7,8,1930,1950,"Gable","CompShg","Wd Sdng","Wd Sdng","None","TA","TA","BrkTil","TA","TA","No",0,"Unf",0,502,502,"TA","N","SBrkr",502,502,1004,0,1,0,2,"Gd",5,"Typ",1,1930,"Unf",1,200,"N",280,0,0,7,2006,"WD","Normal",158893.54306269
568,20,"RL",70,10171,"IR1","Lvl","Inside","Gtl","NridgHt","Norm","1Fam","1Story",7,5,2004,2004,"Gable","CompShg","VinylSd","VinylSd","BrkFace","Gd","TA","PConc","Gd","TA","No",2,"Unf",0,1515,1517,"Ex","Y","SBrkr",1535,0,1535,0,2,0,3,"Gd",7,"Typ",0,2004,"RFn",2,532,"Y",0,0,0,3,2010,"WD","Normal",214000
1002,30,"RL",60,5400,"Reg","Lvl","Corner","Gtl","OldTown","Norm","1Fam","1Story",5,6,1920,1950,"Gable","CompShg","Wd Sdng","Wd Sdng","None","TA","TA","BrkTil","Fa","TA","No",0,"Unf",0,691,691,"Ex","Y","FuseA",691,0,691,0,1,0,2,"Ex",4,"Typ",0,1920,"Unf",1,216,"N",0,20,0,1,2007,"WD","Abnorml",86000
743,20,"RL",65,8450,"Reg","Lvl","Inside","Gtl","SawyerW","Norm","1Fam","1Story",7,5,2000,2001,"Gable","CompShg","VinylSd","VinylSd","BrkFace","TA","TA","PConc","Gd","TA","No",0,"Unf",0,1349,1349,"Ex","Y","SBrkr",1349,0,1349,0,2,0,3,"TA",6,"Typ",0,2000,"Unf",2,539,"Y",120,55,0,12,2007,"WD","Normal",179000
1735,20,"RL",NA,7791,"IR1","Lvl","Inside","Gtl","Sawyer","RRAe","1Fam","1Story",5,8,1963,1995,"Gable","CompShg","Plywood","Plywood","None","Gd","Gd","CBlock","TA","TA","No",624,"Unf",0,288,912,"Ex","Y","SBrkr",912,0,912,1,1,0,3,"Gd",6,"Typ",0,1963,"RFn",1,300,"Y",0,0,0,10,2009,"WD","Normal",180330.624816201
2249,20,"RL",60,6600,"Reg","Lvl","Inside","Gtl","Mitchel","Norm","1Fam","1Story",5,6,1982,2005,"Gable","CompShg","HdBoard","Plywood","None","TA","TA","CBlock","TA","TA","No",638,"Unf",0,207,845,"Gd","Y","SBrkr",845,0,845,0,1,0,3,"Gd",6,"Typ",0,1982,"Unf",1,264,"Y",0,0,0,7,2008,"WD","Normal",175569.690441774
1378,50,"RL",60,10998,"Reg","Lvl","Inside","Gtl","Edwards","Norm","1Fam","1.5Fin",5,5,1941,1960,"Gable","CompShg","Wd Sdng","Wd Sdng","None","TA","TA","CBlock","TA","TA","No",408,"BLQ",420,156,984,"Ex","Y","SBrkr",984,620,1604,0,2,0,3,"TA",6,"Min2",0,1977,"Unf",2,660,"Y",0,68,0,7,2009,"WD","Normal",117000
116,160,"FV",34,3230,"Reg","Lvl","Corner","Gtl","Somerst","Norm","TwnhsE","2Story",6,5,1999,1999,"Gable","CompShg","MetalSd","MetalSd","BrkFace","TA","TA","PConc","Gd","TA","No",419,"Unf",0,310,729,"Gd","Y","SBrkr",729,729,1458,0,2,1,2,"TA",5,"Typ",1,1999,"Unf",2,440,"Y",0,32,0,6,2007,"WD","Normal",176000
2043,80,"RL",NA,11104,"IR1","Lvl","Inside","Gtl","NWAmes","Norm","1Fam","SLvl",6,6,1969,1969,"Gable","CompShg","MetalSd","MetalSd","None","TA","TA","CBlock","TA","TA","Av",828,"Unf",0,599,1427,"Gd","Y","SBrkr",1427,0,1427,0,2,0,4,"TA",7,"Typ",0,1969,"RFn",2,516,"Y",0,0,0,5,2008,"WD","Normal",195499.830115336
1257,20,"RL",91,14303,"IR1","Lvl","Corner","Gtl","NoRidge","Norm","1Fam","1Story",8,5,1994,1994,"Hip","CompShg","HdBoard","HdBoard","BrkFace","Gd","TA","PConc","Gd","TA","Gd",1314,"Unf",0,672,1986,"Ex","Y","SBrkr",1987,0,1987,1,2,0,2,"Gd",7,"Typ",1,1994,"Fin",2,691,"Y",262,36,0,8,2008,"WD","Normal",301500
1692,60,"RL",NA,12891,"IR1","Lvl","Corner","Gtl","Gilbert","Norm","1Fam","2Story",8,5,2002,2002,"Gable","CompShg","VinylSd","VinylSd",NA,"Gd","TA","PConc","Ex","TA","No",651,"Unf",0,219,870,"Ex","Y","SBrkr",878,1126,2004,1,2,1,4,"Gd",8,"Typ",1,2002,"Fin",3,644,"Y",0,48,0,7,2009,"WD","Normal",200328.822792041
1463,60,"RL",74,13830,"IR1","Lvl","Inside","Gtl","Gilbert","Norm","1Fam","2Story",5,5,1997,1998,"Gable","CompShg","VinylSd","VinylSd","None","TA","TA","PConc","Gd","TA","No",791,"Unf",0,137,928,"Gd","Y","SBrkr",928,701,1629,0,2,1,3,"TA",6,"Typ",1,1997,"Fin",2,482,"Y",212,34,0,3,2010,"WD","Normal",183583.683569555
1221,20,"RL",66,7800,"IR1","Lvl","Inside","Gtl","NAmes","Norm","1Fam","1Story",5,5,1964,1964,"Gable","CompShg","Wd Sdng","Wd Sdng","None","TA","TA","CBlock","TA","TA","No",312,"LwQ",600,0,912,"TA","Y","SBrkr",912,0,912,0,1,0,2,"TA",5,"Typ",0,1964,"Unf",1,288,"Y",0,0,0,11,2006,"WD","Abnorml",115000
462,70,"RL",60,7200,"Reg","Lvl","Inside","Gtl","SWISU","Feedr","1Fam","2Story",7,9,1936,2007,"Gable","CompShg","Wd Sdng","Wd Sdng","None","Gd","Gd","PConc","Gd","Gd","No",350,"BLQ",210,0,560,"Ex","Y","SBrkr",575,560,1135,1,1,0,3,"Gd",6,"Typ",0,1971,"RFn",2,576,"Y",256,0,0,4,2009,"WD","Normal",155000
1957,20,"RL",80,10400,"Reg","Lvl","Inside","Gtl","NWAmes","Norm","1Fam","1Story",6,5,1976,1976,"Gable","CompShg","HdBoard","HdBoard","BrkFace","TA","TA","CBlock","TA","TA","No",0,"Unf",0,1444,1444,"TA","Y","SBrkr",1444,0,1444,0,2,0,2,"TA",5,"Typ",1,1976,"Unf",2,473,"Y",0,24,0,4,2008,"WD","Normal",166457.67844853
2912,20,"RL",80,13384,"Reg","Lvl","Inside","Mod","Mitchel","Norm","1Fam","1Story",5,5,1969,1979,"Gable","CompShg","Plywood","Plywood","BrkFace","TA","TA","PConc","TA","TA","Av",119,"BLQ",344,641,1104,"Fa","Y","SBrkr",1360,0,1360,1,1,0,3,"TA",8,"Typ",1,1969,"RFn",1,336,"Y",160,0,0,5,2006,"WD","Normal",188506.431412274
2283,160,"RM",21,2205,"Reg","Lvl","Inside","Gtl","BrDale","Norm","Twnhs","2Story",6,6,1973,1973,"Gable","CompShg","HdBoard","HdBoard","BrkFace","TA","TA","CBlock","TA","TA","No",312,"Unf",0,213,525,"TA","Y","SBrkr",525,567,1092,0,1,1,3,"TA",6,"Typ",0,1973,"Unf",1,264,"Y",144,0,0,2,2007,"WD","Normal",162293.376090644
2561,70,"RL",63,4000,"Reg","Lvl","Inside","Gtl","Crawfor","Norm","1Fam","2Story",7,8,1930,1995,"Gable","CompShg","Wd Sdng","Wd Sdng","None","TA","TA","BrkTil","Gd","TA","No",246,"Unf",0,285,531,"TA","Y","SBrkr",567,531,1098,1,1,0,2,"TA",5,"Typ",1,1930,"Unf",1,216,"Y",0,0,0,6,2007,"WD","Normal",156969.695083273
1498,160,"FV",30,3215,"Reg","Lvl","Inside","Gtl","Somerst","Norm","TwnhsE","2Story",7,5,2004,2004,"Gable","CompShg","MetalSd","MetalSd","BrkFace","Gd","TA","PConc","Gd","TA","Av",280,"Unf",0,320,600,"Ex","Y","SBrkr",600,600,1200,0,2,1,2,"Gd",4,"Typ",0,2004,"RFn",2,480,"Y",0,172,0,4,2010,"ConLD","Normal",150521.96899297
2221,120,"RM",44,3843,"IR1","HLS","Inside","Mod","Crawfor","Norm","TwnhsE","1Story",8,5,2007,2008,"Hip","CompShg","CemntBd","CmentBd","Stone","Ex","TA","PConc","Ex","TA","Gd",1476,"Unf",0,120,1596,"Ex","Y","SBrkr",1648,0,1648,1,2,0,2,"Ex",5,"Typ",1,2007,"Fin",2,525,"Y",162,53,153,8,2008,"New","Partial",157972.82120994
1107,20,"RL",114,10357,"IR1","Lvl","Corner","Gtl","SawyerW","Feedr","1Fam","1Story",7,5,1990,1991,"Hip","CompShg","HdBoard","HdBoard","None","Gd","TA","PConc","Gd","TA","Mn",738,"Unf",0,172,910,"Gd","Y","SBrkr",1442,0,1442,1,2,0,3,"Gd",6,"Typ",1,1990,"Fin",2,719,"Y",0,244,0,5,2007,"WD","Normal",179900
2644,160,"RM",24,2160,"Reg","Lvl","Inside","Gtl","BrDale","Norm","TwnhsE","2Story",5,6,1973,1973,"Gable","CompShg","HdBoard","HdBoard","BrkFace","TA","TA","CBlock","TA","TA","No",402,"Unf",0,363,765,"Gd","Y","SBrkr",765,600,1365,0,1,1,3,"Gd",7,"Min1",1,1973,"Unf",2,440,"Y",0,36,0,6,2006,"WD","Normal",167522.061539111
407,50,"RL",51,10480,"Reg","Lvl","Inside","Gtl","SWISU","Norm","1Fam","1.5Fin",6,5,1936,1950,"Gable","CompShg","MetalSd","MetalSd","None","TA","TA","BrkTil","TA","TA","No",0,"Unf",0,1064,1064,"Ex","Y","FuseA",1166,0,1639,0,1,0,3,"TA",6,"Maj2",0,1936,"Unf",1,240,"Y",0,0,0,3,2008,"WD","Normal",115000
2372,20,"FV",73,7321,"IR1","Lvl","Inside","Gtl","Somerst","Norm","1Fam","1Story",7,5,1999,2000,"Gable","CompShg","CemntBd","CmentBd","None","Gd","TA","PConc","Gd","TA","No",0,"Unf",0,1339,1339,"Ex","Y","SBrkr",1358,0,1358,0,2,0,3,"Gd",5,"Typ",0,1999,"Unf",2,625,"Y",176,174,0,12,2007,"COD","Normal",183410.785819008
2033,120,"FV",35,4109,"IR1","Lvl","Inside","Gtl","Somerst","Norm","TwnhsE","1Story",9,5,1999,2000,"Gable","CompShg","VinylSd","VinylSd","BrkFace","Gd","TA","PConc","Gd","TA","Av",1141,"Unf",0,416,1557,"Ex","Y","SBrkr",1557,0,1557,1,2,0,2,"Ex",5,"Typ",1,1999,"RFn",2,484,"Y",124,113,0,6,2008,"WD","Normal",156286.534303521
731,120,"RL",39,5389,"IR1","Lvl","Inside","Gtl","StoneBr","Norm","TwnhsE","1Story",8,5,1995,1996,"Gable","CompShg","CemntBd","CmentBd","None","Gd","TA","PConc","Gd","TA","No",1180,"Unf",0,415,1595,"Ex","Y","SBrkr",1616,0,1616,1,2,0,2,"Gd",5,"Typ",1,1995,"RFn",2,608,"Y",237,152,0,3,2010,"WD","Normal",236500
185,50,"RL",92,7438,"IR1","Lvl","Inside","Gtl","BrkSide","RRAn","1Fam","1.5Fin",5,8,1908,1991,"Gable","CompShg","AsbShng","Plywood","None","TA","TA","PConc","Fa","TA","No",0,"Unf",0,504,504,"Gd","Y","SBrkr",936,316,1252,0,1,0,3,"TA",5,"Typ",0,1986,"Unf",2,576,"Y",104,0,0,6,2006,"WD","Normal",127000
1204,20,"RL",75,9750,"Reg","Lvl","Inside","Gtl","CollgCr","Norm","1Fam","1Story",7,5,2000,2001,"Gable","CompShg","VinylSd","VinylSd","BrkFace","Gd","TA","PConc","Gd","TA","No",0,"Unf",0,1630,1630,"Ex","Y","SBrkr",1630,0,1630,0,2,0,3,"Gd",6,"Typ",1,2000,"Unf",2,451,"Y",74,234,0,10,2009,"WD","Normal",213000
2512,60,"RL",78,9316,"Reg","Lvl","Inside","Gtl","CollgCr","Norm","1Fam","2Story",7,5,2005,2006,"Gable","CompShg","VinylSd","VinylSd","None","Gd","TA","PConc","Gd","TA","Gd",0,"Unf",0,879,879,"Ex","Y","SBrkr",879,916,1795,0,2,1,3,"Gd",7,"Typ",0,2005,"RFn",2,578,"Y",164,111,0,10,2007,"WD","Normal",185127.237217638
493,60,"RL",105,15578,"IR1","Lvl","Corner","Gtl","Gilbert","Norm","1Fam","2Story",6,5,2006,2006,"Gable","CompShg","VinylSd","VinylSd","None","Gd","TA","PConc","Gd","TA","No",0,"Unf",0,728,728,"Gd","Y","SBrkr",728,728,1456,0,2,1,3,"TA",8,"Typ",0,2006,"RFn",2,429,"Y",0,0,0,5,2006,"New","Partial",172785
675,20,"RL",80,9200,"Reg","Lvl","Inside","Gtl","NAmes","Norm","1Fam","1Story",6,6,1965,1965,"Gable","CompShg","HdBoard","HdBoard","None","TA","TA","CBlock","TA","TA","No",892,"Unf",0,244,1136,"TA","Y","SBrkr",1136,0,1136,1,1,0,3,"TA",5,"Typ",1,1965,"RFn",1,384,"Y",426,0,0,7,2008,"WD","Normal",140000
966,60,"RL",65,10237,"Reg","Lvl","Inside","Gtl","Gilbert","RRAn","1Fam","2Story",6,5,2005,2007,"Gable","CompShg","VinylSd","VinylSd","None","Gd","TA","PConc","Gd","TA","No",0,"Unf",0,783,783,"Ex","Y","SBrkr",783,701,1484,0,2,1,3,"Gd",8,"Typ",1,2005,"Fin",2,393,"Y",0,72,0,7,2007,"New","Partial",178900
2492,20,"RL",NA,11075,"Reg","Lvl","Corner","Gtl","ClearCr","Norm","1Fam","1Story",6,5,1984,1984,"Hip","CompShg","Wd Sdng","Wd Sdng","BrkFace","TA","TA","PConc","Gd","TA","No",299,"LwQ",891,0,1190,"Ex","Y","SBrkr",1522,0,1522,0,2,0,3,"TA",7,"Typ",1,1984,"Fin",2,552,"Y",0,77,0,2,2007,"WD","Normal",179749.876244365
1191,190,"RL",NA,32463,"Reg","Low","Inside","Mod","Mitchel","Norm","2fmCon","1Story",4,4,1961,1975,"Gable","CompShg","MetalSd","MetalSd","Stone","TA","Gd","CBlock","TA","TA","Av",1159,"Unf",0,90,1249,"Ex","Y","SBrkr",1622,0,1622,1,1,0,3,"TA",7,"Typ",1,1975,"Fin",4,1356,"Y",439,0,0,3,2007,"WD","Normal",168000
